"emis_number","organisation_name","bp_date","bp_type","systolic_value","diastolic_value","systolic_target","diastolic_target","is_in_range"
7,"Springfield Medical Centre",2022-03-24,"Clinic",130,82,140,90,TRUE
7,"Springfield Medical Centre",2022-10-13,"Clinic",124,87,140,90,TRUE
115,"Springfield Medical Centre",2022-02-20,"Clinic",117,80,140,90,TRUE
115,"Springfield Medical Centre",2022-03-28,"Clinic",111,67,140,90,TRUE
144,"Springfield Medical Centre",2022-08-31,"Home",120,73,125,75,TRUE
144,"Springfield Medical Centre",2023-03-20,"Clinic",168,92,130,80,FALSE
144,"Springfield Medical Centre",2025-01-17,"Clinic",123,70,130,80,TRUE
144,"Springfield Medical Centre",2025-06-20,"Clinic",144,81,130,80,FALSE
144,"Springfield Medical Centre",2025-07-20,"Clinic",138,80,130,80,FALSE
144,"Springfield Medical Centre",2026-05-20,"Clinic",135,75,130,80,FALSE
267,"Springfield Medical Centre",2021-02-20,"Clinic",125,71,140,90,TRUE
267,"Springfield Medical Centre",2022-07-18,"Clinic",124,75,140,90,TRUE
267,"Springfield Medical Centre",2024-02-22,"Clinic",124,75,140,90,TRUE
267,"Springfield Medical Centre",2024-08-20,"Clinic",134,80,140,90,TRUE
267,"Springfield Medical Centre",2024-09-24,"Clinic",131,78,140,90,TRUE
267,"Springfield Medical Centre",2025-01-27,"Clinic",142,88,140,90,FALSE
267,"Springfield Medical Centre",2025-06-16,"Clinic",111,69,140,90,TRUE
267,"Springfield Medical Centre",2026-04-15,"Clinic",120,65,140,90,TRUE
284,"Springfield Medical Centre",2025-11-19,"Home",127,55,135,85,TRUE
284,"Springfield Medical Centre",2025-12-20,"Clinic",144,80,140,90,FALSE
284,"Springfield Medical Centre",2026-05-20,"Clinic",147,66,140,90,FALSE
285,"Springfield Medical Centre",2024-07-20,"Clinic",135,85,140,90,TRUE
285,"Springfield Medical Centre",2024-08-29,"Clinic",138,88,140,90,TRUE
285,"Springfield Medical Centre",2024-08-29,"Clinic",139,88,140,90,TRUE
285,"Springfield Medical Centre",2024-10-30,"Clinic",153,102,140,90,FALSE
285,"Springfield Medical Centre",2024-10-30,"Clinic",153,102,140,90,FALSE
285,"Springfield Medical Centre",2025-04-17,"Clinic",135,85,140,90,TRUE
285,"Springfield Medical Centre",2025-09-20,"Clinic",148,97,140,90,FALSE
285,"Springfield Medical Centre",2025-09-20,"Clinic",148,97,140,90,FALSE
285,"Springfield Medical Centre",2026-04-27,"Clinic",150,95,140,90,FALSE
285,"Springfield Medical Centre",2026-08-18,"Clinic",135,85,140,90,TRUE
285,"Springfield Medical Centre",2026-08-20,"Home",138,87,135,85,FALSE
285,"Springfield Medical Centre",2026-12-20,"Clinic",148,89,140,90,FALSE
291,"Springfield Medical Centre",2023-09-20,"Clinic",130,72,140,90,TRUE
291,"Springfield Medical Centre",2024-07-16,"Clinic",124,86,140,90,TRUE
291,"Springfield Medical Centre",2025-02-20,"Clinic",125,91,140,90,FALSE
307,"Springfield Medical Centre",2022-10-20,"Clinic",135,74,140,90,TRUE
331,"Springfield Medical Centre",2022-05-20,"Clinic",129,88,140,90,TRUE
331,"Springfield Medical Centre",2024-01-23,"Clinic",128,88,140,90,TRUE
331,"Springfield Medical Centre",2025-12-15,"Clinic",119,83,140,90,TRUE
375,"Springfield Medical Centre",2024-09-20,"Clinic",121,72,140,90,TRUE
375,"Springfield Medical Centre",2024-09-20,"Clinic",124,78,140,90,TRUE
375,"Springfield Medical Centre",2024-09-20,"Clinic",125,77,140,90,TRUE
375,"Springfield Medical Centre",2024-11-20,"Clinic",118,72,140,90,TRUE
375,"Springfield Medical Centre",2025-08-26,"Clinic",120,62,140,90,TRUE
375,"Springfield Medical Centre",2025-12-20,"Clinic",118,72,140,90,TRUE
378,"Springfield Medical Centre",2024-08-29,"Clinic",138,80,140,90,TRUE
378,"Springfield Medical Centre",2025-01-27,"Clinic",168,93,140,90,FALSE
378,"Springfield Medical Centre",2025-02-20,"Clinic",132,70,140,90,TRUE
378,"Springfield Medical Centre",2025-08-20,"Clinic",147,90,140,90,FALSE
378,"Springfield Medical Centre",2025-09-24,"Clinic",152,82,140,90,FALSE
378,"Springfield Medical Centre",2025-11-20,"Clinic",132,70,140,90,TRUE
378,"Springfield Medical Centre",2025-11-20,"Clinic",138,77,140,90,TRUE
378,"Springfield Medical Centre",2025-12-15,"Clinic",141,71,140,90,FALSE
378,"Springfield Medical Centre",2025-12-20,"Clinic",141,103,140,90,FALSE
378,"Springfield Medical Centre",2026-05-20,"Clinic",130,79,140,90,TRUE
396,"Springfield Medical Centre",2022-08-20,"Clinic",128,84,140,90,TRUE
396,"Springfield Medical Centre",2023-11-14,"Clinic",148,96,140,90,FALSE
396,"Springfield Medical Centre",2023-12-27,"Home",124,84,135,85,TRUE
396,"Springfield Medical Centre",2024-08-22,"Clinic",128,88,140,90,TRUE
396,"Springfield Medical Centre",2025-06-24,"Clinic",137,90,140,90,FALSE
396,"Springfield Medical Centre",2026-02-20,"Clinic",157,98,140,90,FALSE
396,"Springfield Medical Centre",2026-02-20,"Clinic",125,78,140,90,TRUE
396,"Springfield Medical Centre",2026-02-27,"Clinic",125,78,140,90,TRUE
438,"Springfield Medical Centre",2022-01-17,"Clinic",120,68,140,90,TRUE
438,"Springfield Medical Centre",2022-04-20,"Clinic",132,70,140,90,TRUE
438,"Springfield Medical Centre",2023-01-20,"Clinic",108,72,140,90,TRUE
438,"Springfield Medical Centre",2023-08-20,"Clinic",135,70,140,90,TRUE
438,"Springfield Medical Centre",2024-02-27,"Clinic",129,71,140,90,TRUE
438,"Springfield Medical Centre",2024-02-27,"Clinic",136,71,140,90,TRUE
438,"Springfield Medical Centre",2025-01-29,"Clinic",123,67,140,90,TRUE
438,"Springfield Medical Centre",2025-06-23,"Clinic",104,65,140,90,TRUE
438,"Springfield Medical Centre",2026-04-22,"Clinic",126,61,140,90,TRUE
438,"Springfield Medical Centre",2026-07-16,"Clinic",114,71,140,90,TRUE
438,"Springfield Medical Centre",2026-08-20,"Clinic",100,62,140,90,TRUE
484,"Springfield Medical Centre",2021-03-20,"Clinic",118,74,140,90,TRUE
484,"Springfield Medical Centre",2022-03-29,"Clinic",151,81,140,90,FALSE
484,"Springfield Medical Centre",2023-01-17,"Clinic",122,71,140,90,TRUE
484,"Springfield Medical Centre",2023-11-20,"Clinic",121,78,140,90,TRUE
484,"Springfield Medical Centre",2024-09-20,"Clinic",123,73,140,90,TRUE
484,"Springfield Medical Centre",2025-05-29,"Clinic",124,80,140,90,TRUE
484,"Springfield Medical Centre",2025-06-20,"Clinic",124,80,140,90,TRUE
683,"Springfield Medical Centre",2022-06-20,"Home",134,84,135,85,TRUE
683,"Springfield Medical Centre",2023-01-20,"Clinic",150,89,140,90,FALSE
683,"Springfield Medical Centre",2023-01-20,"Clinic",160,92,140,90,FALSE
683,"Springfield Medical Centre",2023-01-20,"Clinic",148,90,140,90,FALSE
683,"Springfield Medical Centre",2023-03-17,"Clinic",141,102,140,90,FALSE
683,"Springfield Medical Centre",2023-03-24,"Clinic",169,99,140,90,FALSE
683,"Springfield Medical Centre",2023-04-20,"Clinic",133,90,140,90,FALSE
683,"Springfield Medical Centre",2023-04-20,"Clinic",128,84,140,90,TRUE
683,"Springfield Medical Centre",2023-09-28,"Clinic",140,84,140,90,FALSE
683,"Springfield Medical Centre",2024-04-18,"Clinic",141,98,140,90,FALSE
683,"Springfield Medical Centre",2024-06-26,"Clinic",120,80,140,90,TRUE
683,"Springfield Medical Centre",2025-06-20,"Clinic",130,85,140,90,TRUE
683,"Springfield Medical Centre",2026-07-29,"Clinic",129,79,140,90,TRUE
683,"Springfield Medical Centre",2026-08-20,"Clinic",135,92,140,90,FALSE
683,"Springfield Medical Centre",2026-09-20,"Home",128,80,135,85,TRUE
716,"Springfield Medical Centre",2021-07-20,"Clinic",112,63,150,90,TRUE
716,"Springfield Medical Centre",2021-11-26,"Clinic",108,59,150,90,TRUE
716,"Springfield Medical Centre",2022-01-13,"Clinic",112,64,150,90,TRUE
716,"Springfield Medical Centre",2022-01-13,"Clinic",114,60,150,90,TRUE
716,"Springfield Medical Centre",2022-02-20,"Clinic",121,70,150,90,TRUE
716,"Springfield Medical Centre",2022-02-20,"Clinic",126,64,150,90,TRUE
716,"Springfield Medical Centre",2022-03-24,"Clinic",120,71,150,90,TRUE
716,"Springfield Medical Centre",2022-04-20,"Clinic",107,61,150,90,TRUE
716,"Springfield Medical Centre",2022-05-20,"Clinic",128,72,150,90,TRUE
716,"Springfield Medical Centre",2022-05-20,"Clinic",118,68,150,90,TRUE
716,"Springfield Medical Centre",2022-10-20,"Clinic",114,64,150,90,TRUE
716,"Springfield Medical Centre",2023-03-28,"Clinic",130,74,150,90,TRUE
716,"Springfield Medical Centre",2023-04-20,"Clinic",110,71,150,90,TRUE
716,"Springfield Medical Centre",2023-04-27,"Clinic",126,64,150,90,TRUE
716,"Springfield Medical Centre",2023-05-18,"Clinic",123,68,150,90,TRUE
716,"Springfield Medical Centre",2023-07-20,"Clinic",117,61,150,90,TRUE
716,"Springfield Medical Centre",2023-08-29,"Clinic",137,76,150,90,TRUE
716,"Springfield Medical Centre",2024-02-20,"Clinic",127,69,150,90,TRUE
716,"Springfield Medical Centre",2024-04-20,"Clinic",116,64,150,90,TRUE
716,"Springfield Medical Centre",2024-05-20,"Clinic",123,60,150,90,TRUE
716,"Springfield Medical Centre",2025-05-20,"Clinic",108,56,150,90,TRUE
716,"Springfield Medical Centre",2025-06-17,"Clinic",109,60,150,90,TRUE
716,"Springfield Medical Centre",2025-06-30,"Clinic",96,52,150,90,TRUE
716,"Springfield Medical Centre",2025-10-20,"Clinic",109,51,150,90,TRUE
716,"Springfield Medical Centre",2025-11-14,"Clinic",117,58,150,90,TRUE
716,"Springfield Medical Centre",2025-11-24,"Clinic",111,60,150,90,TRUE
716,"Springfield Medical Centre",2026-03-30,"Clinic",132,61,150,90,TRUE
716,"Springfield Medical Centre",2026-05-20,"Clinic",136,66,150,90,TRUE
716,"Springfield Medical Centre",2026-06-15,"Clinic",122,60,150,90,TRUE
716,"Springfield Medical Centre",2026-06-15,"Clinic",122,60,150,90,TRUE
716,"Springfield Medical Centre",2026-07-21,"Clinic",113,61,150,90,TRUE
748,"Springfield Medical Centre",2021-12-14,"Clinic",132,85,140,90,TRUE
748,"Springfield Medical Centre",2022-05-13,"Clinic",126,88,140,90,TRUE
748,"Springfield Medical Centre",2022-09-27,"Clinic",135,86,140,90,TRUE
748,"Springfield Medical Centre",2023-04-20,"Clinic",134,92,140,90,FALSE
748,"Springfield Medical Centre",2023-08-20,"Clinic",136,92,140,90,FALSE
748,"Springfield Medical Centre",2024-12-16,"Clinic",129,94,140,90,FALSE
748,"Springfield Medical Centre",2024-12-19,"Clinic",139,93,140,90,FALSE
748,"Springfield Medical Centre",2024-12-19,"Clinic",139,93,140,90,FALSE
748,"Springfield Medical Centre",2025-09-20,"Clinic",135,86,140,90,TRUE
748,"Springfield Medical Centre",2026-01-20,"Clinic",130,85,140,90,TRUE
748,"Springfield Medical Centre",2026-04-27,"Clinic",121,89,140,90,TRUE
748,"Springfield Medical Centre",2026-06-20,"Clinic",140,93,140,90,FALSE
748,"Springfield Medical Centre",2026-08-20,"Clinic",144,87,140,90,FALSE
866,"Springfield Medical Centre",2023-02-20,"Clinic",116,71,140,90,TRUE
866,"Springfield Medical Centre",2023-12-22,"Clinic",126,72,140,90,TRUE
866,"Springfield Medical Centre",2023-12-22,"Clinic",126,72,140,90,TRUE
866,"Springfield Medical Centre",2024-08-23,"Clinic",136,72,140,90,TRUE
866,"Springfield Medical Centre",2024-08-23,"Clinic",140,76,140,90,FALSE
866,"Springfield Medical Centre",2024-10-29,"Clinic",150,83,140,90,FALSE
866,"Springfield Medical Centre",2024-12-23,"Clinic",173,91,140,90,FALSE
866,"Springfield Medical Centre",2024-12-23,"Clinic",173,91,140,90,FALSE
866,"Springfield Medical Centre",2024-12-23,"Clinic",178,82,140,90,FALSE
866,"Springfield Medical Centre",2024-12-23,"Clinic",179,90,140,90,FALSE
866,"Springfield Medical Centre",2025-06-25,"Clinic",137,80,140,90,TRUE
866,"Springfield Medical Centre",2025-08-20,"Clinic",145,85,140,90,FALSE
866,"Springfield Medical Centre",2025-08-20,"Clinic",149,86,140,90,FALSE
866,"Springfield Medical Centre",2025-08-20,"Clinic",149,86,140,90,FALSE
866,"Springfield Medical Centre",2025-08-20,"Clinic",158,82,140,90,FALSE
866,"Springfield Medical Centre",2025-09-20,"Clinic",135,86,140,90,TRUE
866,"Springfield Medical Centre",2025-10-20,"Clinic",126,87,140,90,TRUE
866,"Springfield Medical Centre",2026-09-20,"Clinic",136,80,140,90,TRUE
928,"Springfield Medical Centre",2022-06-22,"Clinic",114,71,140,90,TRUE
928,"Springfield Medical Centre",2023-06-20,"Clinic",126,77,140,90,TRUE
928,"Springfield Medical Centre",2023-12-21,"Clinic",125,80,140,90,TRUE
928,"Springfield Medical Centre",2024-06-24,"Clinic",140,84,140,90,FALSE
928,"Springfield Medical Centre",2025-01-20,"Clinic",139,90,140,90,FALSE
928,"Springfield Medical Centre",2025-02-24,"Clinic",139,91,140,90,FALSE
928,"Springfield Medical Centre",2025-02-26,"Clinic",139,90,140,90,FALSE
1052,"Springfield Medical Centre",2026-08-21,"Home",125,75,135,85,TRUE
1056,"Springfield Medical Centre",2022-06-27,"Clinic",135,87,140,90,TRUE
1056,"Springfield Medical Centre",2023-04-20,"Clinic",139,88,140,90,TRUE
1056,"Springfield Medical Centre",2024-04-17,"Clinic",115,80,140,90,TRUE
1056,"Springfield Medical Centre",2024-04-17,"Clinic",115,80,140,90,TRUE
1056,"Springfield Medical Centre",2025-05-28,"Clinic",127,82,140,90,TRUE
1056,"Springfield Medical Centre",2025-05-30,"Clinic",126,86,140,90,TRUE
1058,"Springfield Medical Centre",2022-10-28,"Clinic",122,81,140,90,TRUE
1058,"Springfield Medical Centre",2024-01-25,"Clinic",135,88,140,90,TRUE
1058,"Springfield Medical Centre",2024-02-20,"Clinic",141,89,140,90,FALSE
1058,"Springfield Medical Centre",2024-03-20,"Clinic",140,84,140,90,FALSE
1058,"Springfield Medical Centre",2025-12-20,"Clinic",148,97,140,90,FALSE
1058,"Springfield Medical Centre",2026-08-24,"Clinic",149,103,140,90,FALSE
1128,"Springfield Medical Centre",2024-02-20,"Clinic",112,88,140,90,TRUE
1128,"Springfield Medical Centre",2024-09-20,"Clinic",135,89,140,90,TRUE
1128,"Springfield Medical Centre",2025-05-27,"Clinic",148,107,140,90,FALSE
1128,"Springfield Medical Centre",2025-10-20,"Clinic",110,88,140,90,TRUE
1128,"Springfield Medical Centre",2025-11-20,"Clinic",124,90,140,90,FALSE
1128,"Springfield Medical Centre",2025-12-19,"Clinic",111,83,140,90,TRUE
1128,"Springfield Medical Centre",2026-12-20,"Clinic",118,91,140,90,FALSE
1185,"Springfield Medical Centre",2026-04-20,"Clinic",139,56,140,90,TRUE
1185,"Springfield Medical Centre",2026-11-20,"Clinic",139,56,140,90,TRUE
1192,"Springfield Medical Centre",2022-01-18,"Clinic",128,83,140,90,TRUE
1192,"Springfield Medical Centre",2022-06-20,"Clinic",133,90,140,90,FALSE
1192,"Springfield Medical Centre",2022-07-20,"Clinic",127,86,140,90,TRUE
1192,"Springfield Medical Centre",2025-01-30,"Clinic",142,107,140,90,FALSE
1192,"Springfield Medical Centre",2025-01-30,"Clinic",142,107,140,90,FALSE
1192,"Springfield Medical Centre",2025-02-27,"Clinic",123,80,140,90,TRUE
1192,"Springfield Medical Centre",2025-02-27,"Clinic",128,82,140,90,TRUE
1192,"Springfield Medical Centre",2026-01-29,"Clinic",121,90,140,90,FALSE
1202,"Springfield Medical Centre",2025-10-20,"Clinic",137,87,140,90,TRUE
1373,"Springfield Medical Centre",2026-07-20,"Clinic",138,84,140,90,TRUE
1420,"Springfield Medical Centre",2024-10-20,"Clinic",131,80,140,90,TRUE
1431,"Springfield Medical Centre",2023-11-21,"Clinic",137,84,140,90,TRUE
1431,"Springfield Medical Centre",2023-11-21,"Clinic",137,87,140,90,TRUE
1431,"Springfield Medical Centre",2024-04-20,"Clinic",140,84,140,90,FALSE
1431,"Springfield Medical Centre",2024-12-13,"Clinic",134,74,140,90,TRUE
1431,"Springfield Medical Centre",2024-12-13,"Clinic",140,76,140,90,FALSE
1431,"Springfield Medical Centre",2025-07-30,"Clinic",137,83,140,90,TRUE
1431,"Springfield Medical Centre",2026-06-17,"Clinic",144,86,140,90,FALSE
1431,"Springfield Medical Centre",2026-07-29,"Clinic",138,91,140,90,FALSE
1480,"Springfield Medical Centre",2024-07-20,"Clinic",125,77,140,90,TRUE
1480,"Springfield Medical Centre",2025-01-15,"Clinic",128,75,140,90,TRUE
1480,"Springfield Medical Centre",2025-05-22,"Clinic",146,90,140,90,FALSE
1480,"Springfield Medical Centre",2025-09-26,"Clinic",130,69,140,90,TRUE
1480,"Springfield Medical Centre",2025-10-20,"Clinic",125,65,140,90,TRUE
1480,"Springfield Medical Centre",2026-04-14,"Clinic",115,70,140,90,TRUE
1480,"Springfield Medical Centre",2026-06-24,"Clinic",135,84,140,90,TRUE
1481,"Springfield Medical Centre",2022-12-15,"Clinic",133,76,140,90,TRUE
1481,"Springfield Medical Centre",2023-02-16,"Clinic",128,74,140,90,TRUE
1481,"Springfield Medical Centre",2023-08-29,"Clinic",135,82,140,90,TRUE
1481,"Springfield Medical Centre",2023-12-20,"Clinic",132,95,140,90,FALSE
1481,"Springfield Medical Centre",2024-04-17,"Clinic",129,76,140,90,TRUE
1481,"Springfield Medical Centre",2024-04-17,"Clinic",129,76,140,90,TRUE
1481,"Springfield Medical Centre",2024-07-20,"Clinic",128,74,140,90,TRUE
1481,"Springfield Medical Centre",2025-01-15,"Clinic",113,64,140,90,TRUE
1481,"Springfield Medical Centre",2025-07-16,"Clinic",113,64,140,90,TRUE
1481,"Springfield Medical Centre",2025-07-16,"Clinic",113,64,140,90,TRUE
1481,"Springfield Medical Centre",2026-02-17,"Clinic",97,65,140,90,TRUE
1481,"Springfield Medical Centre",2026-04-16,"Clinic",90,51,140,90,TRUE
1481,"Springfield Medical Centre",2026-09-20,"Clinic",119,68,140,90,TRUE
1481,"Springfield Medical Centre",2026-10-20,"Clinic",105,70,140,90,TRUE
1545,"Springfield Medical Centre",2022-03-20,"Clinic",121,70,130,80,TRUE
1545,"Springfield Medical Centre",2022-03-20,"Clinic",121,70,130,80,TRUE
1545,"Springfield Medical Centre",2023-12-20,"Clinic",115,82,130,80,FALSE
1545,"Springfield Medical Centre",2024-01-20,"Clinic",133,84,130,80,FALSE
1545,"Springfield Medical Centre",2024-01-30,"Clinic",137,86,130,80,FALSE
1545,"Springfield Medical Centre",2025-02-13,"Clinic",139,86,130,80,FALSE
1545,"Springfield Medical Centre",2025-02-13,"Clinic",139,86,130,80,FALSE
1545,"Springfield Medical Centre",2025-05-23,"Clinic",134,88,130,80,FALSE
1545,"Springfield Medical Centre",2025-09-15,"Clinic",122,90,130,80,FALSE
1545,"Springfield Medical Centre",2025-11-17,"Clinic",175,106,130,80,FALSE
1545,"Springfield Medical Centre",2026-02-18,"Clinic",171,105,130,80,FALSE
1545,"Springfield Medical Centre",2026-03-20,"Clinic",144,87,130,80,FALSE
1545,"Springfield Medical Centre",2026-04-29,"Clinic",150,84,130,80,FALSE
1624,"Springfield Medical Centre",2025-03-20,"Clinic",137,85,140,90,TRUE
1624,"Springfield Medical Centre",2025-08-13,"Clinic",163,104,140,90,FALSE
1743,"Springfield Medical Centre",2023-05-20,"Clinic",137,81,140,90,TRUE
1743,"Springfield Medical Centre",2024-06-21,"Clinic",151,90,140,90,FALSE
1743,"Springfield Medical Centre",2024-09-20,"Clinic",150,91,140,90,FALSE
1743,"Springfield Medical Centre",2025-03-20,"Clinic",158,100,140,90,FALSE
1743,"Springfield Medical Centre",2026-02-13,"Clinic",145,90,140,90,FALSE
1812,"Springfield Medical Centre",2021-11-20,"Clinic",113,76,140,90,TRUE
1812,"Springfield Medical Centre",2022-09-20,"Clinic",116,77,140,90,TRUE
1812,"Springfield Medical Centre",2022-09-20,"Clinic",116,77,140,90,TRUE
1812,"Springfield Medical Centre",2023-09-26,"Clinic",110,79,140,90,TRUE
1812,"Springfield Medical Centre",2023-09-26,"Clinic",110,79,140,90,TRUE
1812,"Springfield Medical Centre",2024-09-19,"Clinic",110,84,140,90,TRUE
1812,"Springfield Medical Centre",2025-07-20,"Clinic",105,69,140,90,TRUE
1812,"Springfield Medical Centre",2025-11-20,"Clinic",109,78,140,90,TRUE
1812,"Springfield Medical Centre",2025-11-20,"Clinic",109,78,140,90,TRUE
1812,"Springfield Medical Centre",2026-04-15,"Clinic",116,74,140,90,TRUE
1812,"Springfield Medical Centre",2026-04-20,"Clinic",105,72,140,90,TRUE
1899,"Springfield Medical Centre",2025-02-20,"Clinic",129,89,140,90,TRUE
1899,"Springfield Medical Centre",2025-02-27,"Clinic",127,81,140,90,TRUE
1899,"Springfield Medical Centre",2025-10-20,"Clinic",127,87,140,90,TRUE
1907,"Springfield Medical Centre",2023-11-20,"Clinic",111,71,140,90,TRUE
1907,"Springfield Medical Centre",2023-11-20,"Clinic",111,71,140,90,TRUE
1907,"Springfield Medical Centre",2024-09-13,"Clinic",123,75,140,90,TRUE
1907,"Springfield Medical Centre",2025-05-30,"Clinic",144,87,140,90,FALSE
1907,"Springfield Medical Centre",2025-08-27,"Clinic",132,73,140,90,TRUE
1907,"Springfield Medical Centre",2026-03-20,"Clinic",130,70,140,90,TRUE
1911,"Springfield Medical Centre",2023-04-20,"Clinic",134,75,140,90,TRUE
1911,"Springfield Medical Centre",2023-11-20,"Clinic",132,79,140,90,TRUE
1911,"Springfield Medical Centre",2024-10-15,"Clinic",140,90,140,90,FALSE
1911,"Springfield Medical Centre",2025-06-16,"Clinic",137,90,140,90,FALSE
1911,"Springfield Medical Centre",2026-02-20,"Clinic",148,89,140,90,FALSE
1911,"Springfield Medical Centre",2026-02-20,"Clinic",147,86,140,90,FALSE
1911,"Springfield Medical Centre",2026-04-20,"Home",148,88,135,85,FALSE
1911,"Springfield Medical Centre",2026-04-22,"Clinic",142,87,140,90,FALSE
1911,"Springfield Medical Centre",2026-05-13,"Clinic",143,95,140,90,FALSE
1911,"Springfield Medical Centre",2026-07-20,"Clinic",139,101,140,90,FALSE
1920,"Springfield Medical Centre",2023-09-20,"Clinic",118,75,140,90,TRUE
1920,"Springfield Medical Centre",2024-06-20,"Clinic",177,104,140,90,FALSE
1920,"Springfield Medical Centre",2024-06-20,"Clinic",177,104,140,90,FALSE
1920,"Springfield Medical Centre",2024-07-20,"Clinic",120,80,140,90,TRUE
1920,"Springfield Medical Centre",2024-07-20,"Clinic",123,80,140,90,TRUE
1920,"Springfield Medical Centre",2024-07-20,"Clinic",133,79,140,90,TRUE
1920,"Springfield Medical Centre",2025-07-20,"Clinic",141,101,140,90,FALSE
1920,"Springfield Medical Centre",2026-04-20,"Clinic",143,106,140,90,FALSE
1920,"Springfield Medical Centre",2026-05-20,"Clinic",150,93,140,90,FALSE
1920,"Springfield Medical Centre",2026-10-20,"Clinic",142,90,140,90,FALSE
1948,"Springfield Medical Centre",2022-10-20,"Clinic",126,62,140,90,TRUE
1948,"Springfield Medical Centre",2023-09-20,"Clinic",152,73,140,90,FALSE
1948,"Springfield Medical Centre",2023-11-15,"Clinic",169,73,140,90,FALSE
1948,"Springfield Medical Centre",2023-11-15,"Clinic",169,73,140,90,FALSE
1948,"Springfield Medical Centre",2024-01-20,"Clinic",138,70,140,90,TRUE
1948,"Springfield Medical Centre",2024-01-20,"Clinic",156,65,140,90,FALSE
1948,"Springfield Medical Centre",2024-04-20,"Clinic",143,73,140,90,FALSE
1948,"Springfield Medical Centre",2024-05-21,"Clinic",170,80,140,90,FALSE
1948,"Springfield Medical Centre",2024-07-17,"Clinic",160,68,140,90,FALSE
1948,"Springfield Medical Centre",2024-09-27,"Clinic",168,83,140,90,FALSE
1948,"Springfield Medical Centre",2024-09-27,"Clinic",168,83,140,90,FALSE
1948,"Springfield Medical Centre",2024-10-17,"Clinic",140,67,140,90,FALSE
1948,"Springfield Medical Centre",2025-01-17,"Home",132,80,135,85,TRUE
1948,"Springfield Medical Centre",2025-08-20,"Clinic",184,83,140,90,FALSE
1948,"Springfield Medical Centre",2025-09-20,"Clinic",138,64,140,90,TRUE
1948,"Springfield Medical Centre",2025-09-23,"Clinic",180,78,140,90,FALSE
1948,"Springfield Medical Centre",2025-11-18,"Clinic",144,56,140,90,FALSE
1948,"Springfield Medical Centre",2026-01-27,"Clinic",140,66,140,90,FALSE
1948,"Springfield Medical Centre",2026-03-20,"Clinic",143,63,140,90,FALSE
1948,"Springfield Medical Centre",2026-04-16,"Clinic",145,67,140,90,FALSE
1957,"Springfield Medical Centre",2025-12-28,"Home",125,74,135,85,TRUE
1957,"Springfield Medical Centre",2026-07-21,"Clinic",146,81,140,90,FALSE
2041,"Springfield Medical Centre",2026-06-18,"Home",127,80,135,85,TRUE
2041,"Springfield Medical Centre",2026-06-20,"Clinic",130,91,140,90,FALSE
2041,"Springfield Medical Centre",2026-10-20,"Clinic",153,105,140,90,FALSE
2078,"Springfield Medical Centre",2025-10-20,"Clinic",134,84,140,90,TRUE
2078,"Springfield Medical Centre",2025-10-20,"Clinic",134,84,140,90,TRUE
2127,"Springfield Medical Centre",2022-05-25,"Clinic",132,84,140,90,TRUE
2127,"Springfield Medical Centre",2023-02-20,"Clinic",108,90,140,90,FALSE
2127,"Springfield Medical Centre",2023-07-20,"Clinic",107,70,140,90,TRUE
2127,"Springfield Medical Centre",2024-04-20,"Clinic",125,86,140,90,TRUE
2127,"Springfield Medical Centre",2024-04-20,"Clinic",125,86,140,90,TRUE
2127,"Springfield Medical Centre",2025-05-27,"Clinic",111,88,140,90,TRUE
2127,"Springfield Medical Centre",2026-04-23,"Clinic",127,86,140,90,TRUE
2137,"Springfield Medical Centre",2021-05-20,"Clinic",129,74,140,90,TRUE
2137,"Springfield Medical Centre",2022-02-18,"Clinic",133,63,140,90,TRUE
2137,"Springfield Medical Centre",2023-06-20,"Clinic",113,63,140,90,TRUE
2137,"Springfield Medical Centre",2023-09-20,"Clinic",129,78,140,90,TRUE
2137,"Springfield Medical Centre",2024-05-21,"Clinic",135,74,140,90,TRUE
2137,"Springfield Medical Centre",2025-01-15,"Clinic",145,71,140,90,FALSE
2137,"Springfield Medical Centre",2025-01-30,"Clinic",138,79,140,90,TRUE
2137,"Springfield Medical Centre",2025-01-30,"Clinic",138,79,140,90,TRUE
2137,"Springfield Medical Centre",2025-04-20,"Clinic",138,79,140,90,TRUE
2137,"Springfield Medical Centre",2026-01-16,"Clinic",124,71,140,90,TRUE
2137,"Springfield Medical Centre",2026-01-20,"Clinic",121,62,140,90,TRUE
2137,"Springfield Medical Centre",2026-04-17,"Clinic",128,69,140,90,TRUE
2137,"Springfield Medical Centre",2026-08-27,"Clinic",110,64,140,90,TRUE
2227,"Springfield Medical Centre",2026-05-29,"Clinic",131,85,140,90,TRUE
2320,"Springfield Medical Centre",2022-03-20,"Clinic",121,78,140,90,TRUE
2320,"Springfield Medical Centre",2022-05-03,"Home",121,78,135,85,TRUE
2320,"Springfield Medical Centre",2023-03-20,"Clinic",120,75,140,90,TRUE
2320,"Springfield Medical Centre",2023-06-20,"Clinic",145,73,140,90,FALSE
2320,"Springfield Medical Centre",2024-01-26,"Clinic",128,68,140,90,TRUE
2320,"Springfield Medical Centre",2024-10-20,"Clinic",114,71,140,90,TRUE
2320,"Springfield Medical Centre",2024-10-20,"Clinic",125,74,140,90,TRUE
2320,"Springfield Medical Centre",2025-01-31,"Clinic",122,70,140,90,TRUE
2320,"Springfield Medical Centre",2025-01-31,"Clinic",122,70,140,90,TRUE
2320,"Springfield Medical Centre",2026-05-20,"Clinic",139,76,140,90,TRUE
2389,"Springfield Medical Centre",2022-05-20,"Clinic",133,69,140,90,TRUE
2389,"Springfield Medical Centre",2023-07-19,"Clinic",129,64,140,90,TRUE
2389,"Springfield Medical Centre",2023-11-20,"Clinic",123,67,140,90,TRUE
2389,"Springfield Medical Centre",2024-08-29,"Clinic",126,67,140,90,TRUE
2389,"Springfield Medical Centre",2024-10-22,"Clinic",138,69,140,90,TRUE
2389,"Springfield Medical Centre",2024-10-22,"Clinic",138,69,140,90,TRUE
2389,"Springfield Medical Centre",2025-08-19,"Clinic",116,66,140,90,TRUE
2389,"Springfield Medical Centre",2025-09-20,"Clinic",162,80,140,90,FALSE
2389,"Springfield Medical Centre",2026-05-20,"Clinic",146,76,140,90,FALSE
2389,"Springfield Medical Centre",2026-08-20,"Clinic",142,76,140,90,FALSE
2389,"Springfield Medical Centre",2026-08-24,"Clinic",127,73,140,90,TRUE
2415,"Springfield Medical Centre",2021-04-20,"Clinic",121,83,140,90,TRUE
2415,"Springfield Medical Centre",2022-06-15,"Clinic",129,84,140,90,TRUE
2415,"Springfield Medical Centre",2022-09-14,"Clinic",125,67,140,90,TRUE
2415,"Springfield Medical Centre",2023-10-25,"Clinic",124,78,140,90,TRUE
2415,"Springfield Medical Centre",2023-10-25,"Clinic",124,78,140,90,TRUE
2415,"Springfield Medical Centre",2024-02-20,"Clinic",123,73,140,90,TRUE
2415,"Springfield Medical Centre",2024-04-30,"Clinic",117,70,140,90,TRUE
2415,"Springfield Medical Centre",2024-06-18,"Clinic",110,71,140,90,TRUE
2415,"Springfield Medical Centre",2024-12-20,"Clinic",123,68,140,90,TRUE
2415,"Springfield Medical Centre",2024-12-27,"Clinic",134,83,140,90,TRUE
2415,"Springfield Medical Centre",2025-02-13,"Clinic",137,80,140,90,TRUE
2415,"Springfield Medical Centre",2025-03-20,"Clinic",120,70,140,90,TRUE
2415,"Springfield Medical Centre",2025-03-20,"Clinic",121,78,140,90,TRUE
2415,"Springfield Medical Centre",2025-06-20,"Clinic",130,79,140,90,TRUE
2415,"Springfield Medical Centre",2025-07-23,"Clinic",109,70,140,90,TRUE
2415,"Springfield Medical Centre",2026-01-20,"Clinic",123,76,140,90,TRUE
2415,"Springfield Medical Centre",2026-04-14,"Clinic",134,72,140,90,TRUE
2515,"Springfield Medical Centre",2022-08-20,"Clinic",136,88,140,90,TRUE
2515,"Springfield Medical Centre",2023-05-18,"Clinic",170,100,140,90,FALSE
2515,"Springfield Medical Centre",2023-08-20,"Clinic",160,100,140,90,FALSE
2515,"Springfield Medical Centre",2024-01-18,"Clinic",140,90,140,90,FALSE
2515,"Springfield Medical Centre",2024-06-25,"Clinic",156,90,140,90,FALSE
2515,"Springfield Medical Centre",2024-11-20,"Clinic",128,90,140,90,FALSE
2515,"Springfield Medical Centre",2024-11-20,"Clinic",129,86,140,90,TRUE
2515,"Springfield Medical Centre",2024-11-20,"Clinic",140,89,140,90,FALSE
2515,"Springfield Medical Centre",2025-05-16,"Clinic",186,124,140,90,FALSE
2538,"Springfield Medical Centre",2023-01-20,"Clinic",126,73,140,90,TRUE
2538,"Springfield Medical Centre",2023-01-20,"Clinic",126,73,140,90,TRUE
2538,"Springfield Medical Centre",2023-05-19,"Clinic",136,71,140,90,TRUE
2538,"Springfield Medical Centre",2023-05-20,"Clinic",137,75,140,90,TRUE
2538,"Springfield Medical Centre",2023-11-20,"Clinic",125,69,140,90,TRUE
2538,"Springfield Medical Centre",2025-01-31,"Clinic",138,78,140,90,TRUE
2538,"Springfield Medical Centre",2025-02-06,"Home",140,90,135,85,FALSE
2538,"Springfield Medical Centre",2025-03-20,"Clinic",145,81,140,90,FALSE
2538,"Springfield Medical Centre",2025-03-20,"Clinic",145,81,140,90,FALSE
2538,"Springfield Medical Centre",2025-03-20,"Clinic",145,81,140,90,FALSE
2538,"Springfield Medical Centre",2025-03-20,"Clinic",145,81,140,90,FALSE
2538,"Springfield Medical Centre",2025-11-20,"Clinic",131,74,140,90,TRUE
2538,"Springfield Medical Centre",2026-07-28,"Clinic",141,81,140,90,FALSE
2596,"Springfield Medical Centre",2023-05-23,"Clinic",127,67,140,90,TRUE
2596,"Springfield Medical Centre",2024-07-20,"Clinic",124,75,140,90,TRUE
2596,"Springfield Medical Centre",2026-02-18,"Clinic",148,80,140,90,FALSE
2596,"Springfield Medical Centre",2026-11-20,"Clinic",154,77,140,90,FALSE
2608,"Springfield Medical Centre",2021-06-20,"Clinic",129,78,140,90,TRUE
2608,"Springfield Medical Centre",2022-10-17,"Clinic",116,61,140,90,TRUE
2608,"Springfield Medical Centre",2023-04-20,"Clinic",129,69,140,90,TRUE
2608,"Springfield Medical Centre",2023-09-28,"Clinic",163,95,140,90,FALSE
2608,"Springfield Medical Centre",2024-10-20,"Clinic",138,83,140,90,TRUE
2608,"Springfield Medical Centre",2025-09-20,"Clinic",154,84,140,90,FALSE
2608,"Springfield Medical Centre",2025-12-20,"Clinic",134,73,140,90,TRUE
2608,"Springfield Medical Centre",2026-01-20,"Clinic",135,78,140,90,TRUE
2608,"Springfield Medical Centre",2026-02-26,"Clinic",133,70,140,90,TRUE
2625,"Springfield Medical Centre",2022-08-20,"Clinic",124,75,140,90,TRUE
2625,"Springfield Medical Centre",2023-08-31,"Clinic",120,69,140,90,TRUE
2625,"Springfield Medical Centre",2023-08-31,"Clinic",120,69,140,90,TRUE
2625,"Springfield Medical Centre",2023-09-14,"Clinic",119,71,140,90,TRUE
2625,"Springfield Medical Centre",2024-08-16,"Clinic",135,67,140,90,TRUE
2625,"Springfield Medical Centre",2024-09-18,"Clinic",102,56,140,90,TRUE
2625,"Springfield Medical Centre",2025-10-07,"Home",107,74,135,85,TRUE
2625,"Springfield Medical Centre",2025-10-14,"Clinic",127,74,140,90,TRUE
2625,"Springfield Medical Centre",2026-05-13,"Clinic",119,79,140,90,TRUE
2628,"Springfield Medical Centre",2021-12-14,"Clinic",114,77,140,90,TRUE
2628,"Springfield Medical Centre",2022-01-20,"Clinic",120,82,140,90,TRUE
2628,"Springfield Medical Centre",2022-01-20,"Clinic",120,82,140,90,TRUE
2628,"Springfield Medical Centre",2022-03-16,"Clinic",123,78,140,90,TRUE
2628,"Springfield Medical Centre",2022-05-20,"Clinic",113,76,140,90,TRUE
2628,"Springfield Medical Centre",2022-08-31,"Clinic",110,75,140,90,TRUE
2628,"Springfield Medical Centre",2023-10-20,"Clinic",143,91,140,90,FALSE
2628,"Springfield Medical Centre",2024-03-20,"Clinic",138,85,140,90,TRUE
2628,"Springfield Medical Centre",2024-03-20,"Clinic",138,85,140,90,TRUE
2628,"Springfield Medical Centre",2024-04-17,"Clinic",119,76,140,90,TRUE
2628,"Springfield Medical Centre",2024-05-29,"Clinic",133,78,140,90,TRUE
2628,"Springfield Medical Centre",2025-09-20,"Clinic",139,85,140,90,TRUE
2628,"Springfield Medical Centre",2026-05-19,"Clinic",110,70,140,90,TRUE
2648,"Springfield Medical Centre",2022-02-24,"Clinic",136,86,140,90,TRUE
2648,"Springfield Medical Centre",2023-04-20,"Clinic",133,89,140,90,TRUE
2648,"Springfield Medical Centre",2023-12-20,"Clinic",110,83,140,90,TRUE
2648,"Springfield Medical Centre",2025-01-30,"Clinic",107,74,140,90,TRUE
2648,"Springfield Medical Centre",2025-12-22,"Clinic",138,88,140,90,TRUE
2648,"Springfield Medical Centre",2026-02-20,"Clinic",129,85,140,90,TRUE
2648,"Springfield Medical Centre",2026-02-27,"Clinic",137,89,140,90,TRUE
2648,"Springfield Medical Centre",2026-05-26,"Clinic",123,84,140,90,TRUE
2648,"Springfield Medical Centre",2026-08-25,"Clinic",153,87,140,90,FALSE
2651,"Springfield Medical Centre",2022-08-31,"Clinic",137,67,140,90,TRUE
2651,"Springfield Medical Centre",2023-02-24,"Clinic",122,70,140,90,TRUE
2651,"Springfield Medical Centre",2025-04-20,"Clinic",124,81,140,90,TRUE
2769,"Springfield Medical Centre",2022-10-20,"Clinic",125,85,140,90,TRUE
2769,"Springfield Medical Centre",2023-08-15,"Clinic",142,98,140,90,FALSE
2769,"Springfield Medical Centre",2024-02-26,"Clinic",140,90,140,90,FALSE
2769,"Springfield Medical Centre",2025-02-28,"Clinic",144,96,140,90,FALSE
2769,"Springfield Medical Centre",2025-04-20,"Home",128,88,135,85,FALSE
2769,"Springfield Medical Centre",2025-04-20,"Clinic",128,88,140,90,TRUE
2769,"Springfield Medical Centre",2025-05-17,"Clinic",134,81,140,90,TRUE
2769,"Springfield Medical Centre",2025-07-20,"Clinic",128,88,140,90,TRUE
2769,"Springfield Medical Centre",2025-07-20,"Clinic",129,88,140,90,TRUE
2769,"Springfield Medical Centre",2026-07-15,"Clinic",111,70,140,90,TRUE
2801,"Springfield Medical Centre",2021-09-14,"Clinic",120,65,140,90,TRUE
2801,"Springfield Medical Centre",2022-01-24,"Clinic",142,87,140,90,FALSE
2801,"Springfield Medical Centre",2022-04-20,"Clinic",165,96,140,90,FALSE
2801,"Springfield Medical Centre",2022-07-28,"Clinic",170,86,140,90,FALSE
2801,"Springfield Medical Centre",2022-08-26,"Clinic",159,78,140,90,FALSE
2801,"Springfield Medical Centre",2023-02-16,"Clinic",148,85,140,90,FALSE
2801,"Springfield Medical Centre",2023-08-15,"Clinic",190,105,140,90,FALSE
2801,"Springfield Medical Centre",2023-08-24,"Clinic",129,69,140,90,TRUE
2801,"Springfield Medical Centre",2025-05-20,"Clinic",161,96,140,90,FALSE
2801,"Springfield Medical Centre",2025-05-20,"Clinic",161,96,140,90,FALSE
2801,"Springfield Medical Centre",2025-05-20,"Clinic",161,96,140,90,FALSE
2801,"Springfield Medical Centre",2025-05-20,"Clinic",161,96,140,90,FALSE
2801,"Springfield Medical Centre",2025-08-20,"Clinic",164,93,140,90,FALSE
2801,"Springfield Medical Centre",2026-06-20,"Clinic",140,90,140,90,FALSE
2918,"Springfield Medical Centre",2022-03-20,"Home",126,73,135,85,TRUE
2918,"Springfield Medical Centre",2022-04-20,"Clinic",140,72,140,90,FALSE
2918,"Springfield Medical Centre",2023-09-28,"Clinic",149,82,140,90,FALSE
2918,"Springfield Medical Centre",2023-10-20,"Clinic",135,76,140,90,TRUE
2918,"Springfield Medical Centre",2024-08-27,"Clinic",110,68,140,90,TRUE
2918,"Springfield Medical Centre",2025-03-20,"Clinic",136,88,140,90,TRUE
2918,"Springfield Medical Centre",2026-09-20,"Clinic",125,76,140,90,TRUE
2918,"Springfield Medical Centre",2026-09-20,"Clinic",125,76,140,90,TRUE
3025,"Springfield Medical Centre",2023-09-20,"Clinic",122,72,140,90,TRUE
3025,"Springfield Medical Centre",2024-04-18,"Clinic",121,75,140,90,TRUE
3025,"Springfield Medical Centre",2025-05-20,"Clinic",120,69,140,90,TRUE
3025,"Springfield Medical Centre",2025-07-20,"Clinic",96,52,140,90,TRUE
3025,"Springfield Medical Centre",2025-07-20,"Clinic",96,52,140,90,TRUE
3025,"Springfield Medical Centre",2025-09-20,"Clinic",126,79,140,90,TRUE
3025,"Springfield Medical Centre",2025-10-20,"Clinic",130,77,140,90,TRUE
3025,"Springfield Medical Centre",2025-10-31,"Clinic",128,85,140,90,TRUE
3025,"Springfield Medical Centre",2026-02-23,"Clinic",132,76,140,90,TRUE
3025,"Springfield Medical Centre",2026-03-20,"Clinic",119,58,140,90,TRUE
3025,"Springfield Medical Centre",2026-04-20,"Clinic",119,58,140,90,TRUE
3029,"Springfield Medical Centre",2025-06-20,"Clinic",129,78,140,90,TRUE
3029,"Springfield Medical Centre",2025-06-20,"Clinic",132,81,140,90,TRUE
3029,"Springfield Medical Centre",2025-08-18,"Clinic",130,78,140,90,TRUE
3029,"Springfield Medical Centre",2026-12-20,"Clinic",140,98,140,90,FALSE
3057,"Springfield Medical Centre",2024-07-22,"Clinic",135,84,140,90,TRUE
3057,"Springfield Medical Centre",2024-07-22,"Clinic",146,93,140,90,FALSE
3057,"Springfield Medical Centre",2025-02-20,"Clinic",135,97,140,90,FALSE
3057,"Springfield Medical Centre",2025-03-20,"Clinic",129,88,140,90,TRUE
3057,"Springfield Medical Centre",2025-06-20,"Clinic",132,89,140,90,TRUE
3057,"Springfield Medical Centre",2025-06-20,"Clinic",135,89,140,90,TRUE
3097,"Springfield Medical Centre",2023-08-15,"Clinic",108,72,140,90,TRUE
3097,"Springfield Medical Centre",2024-03-26,"Clinic",113,73,140,90,TRUE
3097,"Springfield Medical Centre",2025-11-20,"Clinic",120,69,140,90,TRUE
3097,"Springfield Medical Centre",2026-09-20,"Clinic",122,70,140,90,TRUE
3119,"Springfield Medical Centre",2022-05-13,"Clinic",125,59,140,90,TRUE
3119,"Springfield Medical Centre",2022-06-20,"Clinic",139,74,140,90,TRUE
3119,"Springfield Medical Centre",2023-05-26,"Clinic",127,68,140,90,TRUE
3119,"Springfield Medical Centre",2024-05-22,"Clinic",114,72,140,90,TRUE
3119,"Springfield Medical Centre",2024-05-22,"Clinic",114,72,140,90,TRUE
3119,"Springfield Medical Centre",2024-09-16,"Clinic",144,63,140,90,FALSE
3119,"Springfield Medical Centre",2025-03-21,"Clinic",121,6,140,90,TRUE
3119,"Springfield Medical Centre",2025-04-20,"Home",120,67,135,85,TRUE
3119,"Springfield Medical Centre",2025-04-28,"Clinic",139,76,140,90,TRUE
3119,"Springfield Medical Centre",2025-11-20,"Clinic",120,67,140,90,TRUE
3119,"Springfield Medical Centre",2025-12-20,"Clinic",138,71,140,90,TRUE
3119,"Springfield Medical Centre",2026-04-27,"Clinic",117,65,140,90,TRUE
3271,"Springfield Medical Centre",2022-01-20,"Home",105,69,135,85,TRUE
3271,"Springfield Medical Centre",2022-07-29,"Clinic",118,67,140,90,TRUE
3271,"Springfield Medical Centre",2022-07-29,"Clinic",118,67,140,90,TRUE
3271,"Springfield Medical Centre",2023-03-20,"Clinic",127,85,140,90,TRUE
3271,"Springfield Medical Centre",2023-03-20,"Clinic",127,85,140,90,TRUE
3271,"Springfield Medical Centre",2024-08-22,"Clinic",120,81,140,90,TRUE
3271,"Springfield Medical Centre",2024-08-22,"Clinic",121,74,140,90,TRUE
3271,"Springfield Medical Centre",2024-08-22,"Clinic",122,72,140,90,TRUE
3271,"Springfield Medical Centre",2025-06-20,"Clinic",139,80,140,90,TRUE
3271,"Springfield Medical Centre",2026-04-27,"Clinic",145,85,140,90,FALSE
3337,"Springfield Medical Centre",2022-03-20,"Clinic",137,85,140,90,TRUE
3356,"Springfield Medical Centre",2024-03-20,"Clinic",130,70,140,90,TRUE
3356,"Springfield Medical Centre",2024-04-20,"Clinic",127,86,140,90,TRUE
3356,"Springfield Medical Centre",2024-05-20,"Clinic",132,93,140,90,FALSE
3356,"Springfield Medical Centre",2024-05-20,"Clinic",132,93,140,90,FALSE
3356,"Springfield Medical Centre",2024-09-20,"Clinic",145,93,140,90,FALSE
3356,"Springfield Medical Centre",2024-10-20,"Clinic",145,96,140,90,FALSE
3356,"Springfield Medical Centre",2025-02-20,"Clinic",118,75,140,90,TRUE
3356,"Springfield Medical Centre",2026-02-20,"Clinic",130,95,140,90,FALSE
3410,"Springfield Medical Centre",2021-12-14,"Clinic",128,87,140,90,TRUE
3410,"Springfield Medical Centre",2022-09-20,"Clinic",115,75,140,90,TRUE
3410,"Springfield Medical Centre",2023-08-20,"Clinic",116,75,140,90,TRUE
3410,"Springfield Medical Centre",2024-05-20,"Clinic",129,84,140,90,TRUE
3410,"Springfield Medical Centre",2024-05-20,"Clinic",129,84,140,90,TRUE
3410,"Springfield Medical Centre",2024-06-27,"Clinic",115,75,140,90,TRUE
3410,"Springfield Medical Centre",2024-11-26,"Clinic",128,78,140,90,TRUE
3410,"Springfield Medical Centre",2025-09-30,"Clinic",125,73,140,90,TRUE
3410,"Springfield Medical Centre",2026-03-30,"Clinic",128,85,140,90,TRUE
3410,"Springfield Medical Centre",2026-04-20,"Clinic",128,85,140,90,TRUE
3487,"Springfield Medical Centre",2025-01-20,"Clinic",139,88,140,90,TRUE
3487,"Springfield Medical Centre",2026-03-20,"Clinic",146,84,140,90,FALSE
3487,"Springfield Medical Centre",2026-07-20,"Clinic",125,86,140,90,TRUE
3733,"Springfield Medical Centre",2022-10-20,"Clinic",120,87,140,90,TRUE
3733,"Springfield Medical Centre",2022-10-20,"Clinic",128,76,140,90,TRUE
3733,"Springfield Medical Centre",2022-10-21,"Clinic",134,72,140,90,TRUE
3733,"Springfield Medical Centre",2023-06-20,"Clinic",100,69,140,90,TRUE
3733,"Springfield Medical Centre",2023-10-17,"Clinic",124,74,140,90,TRUE
3733,"Springfield Medical Centre",2023-10-26,"Clinic",115,69,140,90,TRUE
3733,"Springfield Medical Centre",2024-10-20,"Clinic",140,90,140,90,FALSE
3733,"Springfield Medical Centre",2024-10-22,"Clinic",126,73,140,90,TRUE
3733,"Springfield Medical Centre",2025-04-15,"Clinic",115,74,140,90,TRUE
3733,"Springfield Medical Centre",2025-04-20,"Clinic",112,70,140,90,TRUE
3733,"Springfield Medical Centre",2025-04-29,"Clinic",141,76,140,90,FALSE
3733,"Springfield Medical Centre",2025-08-20,"Clinic",119,71,140,90,TRUE
3733,"Springfield Medical Centre",2025-10-20,"Clinic",146,87,140,90,FALSE
3733,"Springfield Medical Centre",2025-10-20,"Clinic",148,61,140,90,FALSE
3733,"Springfield Medical Centre",2025-10-20,"Clinic",161,87,140,90,FALSE
3733,"Springfield Medical Centre",2025-10-24,"Clinic",125,76,140,90,TRUE
3733,"Springfield Medical Centre",2025-11-20,"Clinic",133,86,140,90,TRUE
3733,"Springfield Medical Centre",2025-12-18,"Clinic",137,7,140,90,TRUE
3733,"Springfield Medical Centre",2026-03-27,"Clinic",132,77,140,90,TRUE
3733,"Springfield Medical Centre",2026-04-20,"Clinic",132,77,140,90,TRUE
3770,"Springfield Medical Centre",2021-12-20,"Clinic",119,67,140,90,TRUE
3770,"Springfield Medical Centre",2022-03-24,"Clinic",139,74,140,90,TRUE
3770,"Springfield Medical Centre",2022-12-20,"Clinic",114,69,140,90,TRUE
3770,"Springfield Medical Centre",2023-09-20,"Clinic",107,65,140,90,TRUE
3770,"Springfield Medical Centre",2023-11-23,"Clinic",133,75,140,90,TRUE
3770,"Springfield Medical Centre",2024-08-23,"Clinic",133,69,140,90,TRUE
3770,"Springfield Medical Centre",2024-11-19,"Clinic",132,71,140,90,TRUE
3770,"Springfield Medical Centre",2024-11-19,"Clinic",132,71,140,90,TRUE
3770,"Springfield Medical Centre",2025-10-20,"Clinic",135,70,140,90,TRUE
3770,"Springfield Medical Centre",2026-02-18,"Clinic",140,68,140,90,FALSE
3770,"Springfield Medical Centre",2026-02-20,"Clinic",140,68,140,90,FALSE
3770,"Springfield Medical Centre",2026-10-20,"Clinic",144,77,140,90,FALSE
3820,"Springfield Medical Centre",2024-01-30,"Clinic",130,79,140,90,TRUE
3820,"Springfield Medical Centre",2024-05-20,"Clinic",114,56,140,90,TRUE
3820,"Springfield Medical Centre",2024-06-20,"Clinic",170,90,140,90,FALSE
3820,"Springfield Medical Centre",2024-06-20,"Clinic",170,90,140,90,FALSE
3820,"Springfield Medical Centre",2024-09-27,"Clinic",182,79,140,90,FALSE
3820,"Springfield Medical Centre",2025-03-31,"Clinic",197,97,140,90,FALSE
3820,"Springfield Medical Centre",2025-08-20,"Clinic",199,92,140,90,FALSE
3820,"Springfield Medical Centre",2025-10-20,"Clinic",177,80,140,90,FALSE
3820,"Springfield Medical Centre",2026-02-17,"Clinic",134,65,140,90,TRUE
3820,"Springfield Medical Centre",2026-04-20,"Clinic",134,65,140,90,TRUE
3820,"Springfield Medical Centre",2026-07-20,"Clinic",162,79,140,90,FALSE
3820,"Springfield Medical Centre",2026-09-20,"Clinic",150,90,140,90,FALSE
3859,"Springfield Medical Centre",2021-12-13,"Clinic",130,57,140,90,TRUE
3859,"Springfield Medical Centre",2022-01-20,"Home",133,60,135,85,TRUE
3859,"Springfield Medical Centre",2022-01-26,"Home",138,58,135,85,FALSE
3859,"Springfield Medical Centre",2022-03-20,"Clinic",140,67,140,90,FALSE
3859,"Springfield Medical Centre",2022-04-20,"Clinic",160,60,140,90,FALSE
3859,"Springfield Medical Centre",2023-09-20,"Clinic",127,64,140,90,TRUE
3859,"Springfield Medical Centre",2023-09-20,"Clinic",127,64,140,90,TRUE
3859,"Springfield Medical Centre",2024-10-20,"Clinic",140,71,140,90,FALSE
3859,"Springfield Medical Centre",2025-04-20,"Clinic",150,77,140,90,FALSE
3859,"Springfield Medical Centre",2025-11-27,"Clinic",140,60,140,90,FALSE
3925,"Springfield Medical Centre",2025-07-20,"Clinic",124,81,140,90,TRUE
3925,"Springfield Medical Centre",2025-07-20,"Clinic",131,82,140,90,TRUE
3925,"Springfield Medical Centre",2025-08-21,"Clinic",135,83,140,90,TRUE
3984,"Springfield Medical Centre",2022-09-29,"Clinic",108,73,140,90,TRUE
3984,"Springfield Medical Centre",2022-10-20,"Clinic",122,78,140,90,TRUE
3984,"Springfield Medical Centre",2023-03-28,"Clinic",108,71,140,90,TRUE
3984,"Springfield Medical Centre",2024-02-20,"Clinic",119,79,140,90,TRUE
3984,"Springfield Medical Centre",2024-04-20,"Clinic",109,76,140,90,TRUE
3984,"Springfield Medical Centre",2024-05-22,"Clinic",110,75,140,90,TRUE
3984,"Springfield Medical Centre",2024-10-22,"Clinic",99,74,140,90,TRUE
3984,"Springfield Medical Centre",2026-05-26,"Clinic",106,78,140,90,TRUE
4069,"Springfield Medical Centre",2024-05-31,"Clinic",130,82,140,90,TRUE
4069,"Springfield Medical Centre",2024-08-20,"Clinic",138,88,140,90,TRUE
4069,"Springfield Medical Centre",2024-09-20,"Clinic",130,82,140,90,TRUE
4069,"Springfield Medical Centre",2024-10-20,"Clinic",120,77,140,90,TRUE
4069,"Springfield Medical Centre",2025-05-16,"Clinic",146,84,140,90,FALSE
4069,"Springfield Medical Centre",2025-06-20,"Clinic",146,86,140,90,FALSE
4069,"Springfield Medical Centre",2025-06-20,"Clinic",140,86,140,90,FALSE
4069,"Springfield Medical Centre",2025-07-20,"Clinic",146,87,140,90,FALSE
4069,"Springfield Medical Centre",2026-07-24,"Clinic",157,90,140,90,FALSE
4069,"Springfield Medical Centre",2026-09-20,"Clinic",127,77,140,90,TRUE
4074,"Springfield Medical Centre",2022-03-23,"Clinic",127,69,140,90,TRUE
4074,"Springfield Medical Centre",2022-07-20,"Clinic",101,68,140,90,TRUE
4074,"Springfield Medical Centre",2022-12-20,"Clinic",123,63,140,90,TRUE
4074,"Springfield Medical Centre",2023-01-17,"Clinic",158,91,140,90,FALSE
4074,"Springfield Medical Centre",2023-01-31,"Clinic",180,110,140,90,FALSE
4074,"Springfield Medical Centre",2023-02-16,"Clinic",154,90,140,90,FALSE
4074,"Springfield Medical Centre",2023-06-23,"Clinic",126,74,140,90,TRUE
4074,"Springfield Medical Centre",2025-01-20,"Clinic",130,76,140,90,TRUE
4074,"Springfield Medical Centre",2025-03-13,"Clinic",130,76,140,90,TRUE
4187,"Springfield Medical Centre",2024-06-21,"Clinic",113,70,140,90,TRUE
4187,"Springfield Medical Centre",2024-06-21,"Clinic",124,71,140,90,TRUE
4187,"Springfield Medical Centre",2024-10-20,"Clinic",111,54,140,90,TRUE
4187,"Springfield Medical Centre",2025-05-19,"Clinic",154,70,140,90,FALSE
4241,"Springfield Medical Centre",2025-10-20,"Clinic",120,86,140,90,TRUE
4241,"Springfield Medical Centre",2025-11-28,"Clinic",138,86,140,90,TRUE
4241,"Springfield Medical Centre",2026-04-27,"Clinic",134,95,140,90,FALSE
4241,"Springfield Medical Centre",2026-05-15,"Clinic",128,78,140,90,TRUE
4328,"Springfield Medical Centre",2023-08-24,"Clinic",123,82,140,90,TRUE
4328,"Springfield Medical Centre",2024-04-20,"Clinic",137,90,140,90,FALSE
4328,"Springfield Medical Centre",2025-01-20,"Clinic",127,88,140,90,TRUE
4328,"Springfield Medical Centre",2025-10-20,"Clinic",127,88,140,90,TRUE
4328,"Springfield Medical Centre",2025-10-20,"Clinic",127,88,140,90,TRUE
4328,"Springfield Medical Centre",2026-04-22,"Clinic",110,90,140,90,FALSE
4328,"Springfield Medical Centre",2026-08-20,"Clinic",121,86,140,90,TRUE
4329,"Springfield Medical Centre",2022-03-25,"Clinic",128,76,140,90,TRUE
4329,"Springfield Medical Centre",2022-03-29,"Home",132,90,135,85,FALSE
4329,"Springfield Medical Centre",2024-02-19,"Clinic",137,90,140,90,FALSE
4329,"Springfield Medical Centre",2025-01-20,"Clinic",128,80,140,90,TRUE
4329,"Springfield Medical Centre",2025-10-20,"Clinic",135,83,140,90,TRUE
4329,"Springfield Medical Centre",2025-10-20,"Clinic",135,83,140,90,TRUE
4329,"Springfield Medical Centre",2026-03-20,"Clinic",136,97,140,90,FALSE
4329,"Springfield Medical Centre",2026-05-29,"Clinic",109,74,140,90,TRUE
4350,"Springfield Medical Centre",2025-01-20,"Clinic",133,68,140,90,TRUE
4350,"Springfield Medical Centre",2025-01-20,"Clinic",156,82,140,90,FALSE
4350,"Springfield Medical Centre",2025-03-20,"Clinic",133,71,140,90,TRUE
4350,"Springfield Medical Centre",2025-07-14,"Clinic",169,85,140,90,FALSE
4350,"Springfield Medical Centre",2026-07-20,"Clinic",138,74,140,90,TRUE
4374,"Springfield Medical Centre",2023-02-14,"Clinic",112,69,140,90,TRUE
4374,"Springfield Medical Centre",2024-07-20,"Clinic",133,80,140,90,TRUE
4374,"Springfield Medical Centre",2025-02-14,"Clinic",107,74,140,90,TRUE
4374,"Springfield Medical Centre",2025-07-20,"Clinic",116,86,140,90,TRUE
4374,"Springfield Medical Centre",2026-07-20,"Clinic",120,85,140,90,TRUE
4374,"Springfield Medical Centre",2026-07-20,"Clinic",120,85,140,90,TRUE
4424,"Springfield Medical Centre",2022-09-16,"Clinic",137,74,140,90,TRUE
4424,"Springfield Medical Centre",2022-09-20,"Clinic",129,84,140,90,TRUE
4424,"Springfield Medical Centre",2023-07-20,"Clinic",166,83,140,90,FALSE
4424,"Springfield Medical Centre",2023-11-20,"Clinic",136,87,140,90,TRUE
4424,"Springfield Medical Centre",2023-12-21,"Clinic",138,86,140,90,TRUE
4424,"Springfield Medical Centre",2024-12-20,"Clinic",134,76,140,90,TRUE
4424,"Springfield Medical Centre",2024-12-20,"Clinic",134,76,140,90,TRUE
4424,"Springfield Medical Centre",2025-06-16,"Clinic",153,88,140,90,FALSE
4460,"Springfield Medical Centre",2024-10-23,"Clinic",138,79,140,90,TRUE
4460,"Springfield Medical Centre",2024-11-20,"Clinic",127,95,140,90,FALSE
4460,"Springfield Medical Centre",2024-11-20,"Clinic",127,95,140,90,FALSE
4460,"Springfield Medical Centre",2025-06-18,"Clinic",144,88,140,90,FALSE
4460,"Springfield Medical Centre",2026-04-20,"Clinic",142,88,140,90,FALSE
4460,"Springfield Medical Centre",2026-06-15,"Clinic",130,90,140,90,FALSE
4506,"Springfield Medical Centre",2024-10-18,"Clinic",130,75,140,90,TRUE
4506,"Springfield Medical Centre",2024-10-18,"Clinic",130,78,140,90,TRUE
4506,"Springfield Medical Centre",2024-10-18,"Clinic",130,80,140,90,TRUE
4506,"Springfield Medical Centre",2025-08-13,"Clinic",135,86,140,90,TRUE
4506,"Springfield Medical Centre",2026-04-21,"Home",134,92,135,85,FALSE
4506,"Springfield Medical Centre",2026-04-21,"Clinic",134,90,140,90,FALSE
4537,"Springfield Medical Centre",2022-07-25,"Clinic",128,75,140,90,TRUE
4537,"Springfield Medical Centre",2023-05-26,"Clinic",152,84,140,90,FALSE
4537,"Springfield Medical Centre",2023-09-20,"Clinic",136,75,140,90,TRUE
4537,"Springfield Medical Centre",2024-08-29,"Clinic",122,72,140,90,TRUE
4537,"Springfield Medical Centre",2025-05-19,"Clinic",136,82,140,90,TRUE
4537,"Springfield Medical Centre",2026-12-20,"Clinic",133,79,140,90,TRUE
4616,"Springfield Medical Centre",2023-08-29,"Clinic",125,86,140,90,TRUE
4616,"Springfield Medical Centre",2024-04-20,"Clinic",146,90,140,90,FALSE
4616,"Springfield Medical Centre",2024-08-22,"Clinic",137,69,140,90,TRUE
4616,"Springfield Medical Centre",2024-10-21,"Clinic",146,108,140,90,FALSE
4616,"Springfield Medical Centre",2024-10-31,"Clinic",123,90,140,90,FALSE
4616,"Springfield Medical Centre",2024-10-31,"Clinic",144,93,140,90,FALSE
4616,"Springfield Medical Centre",2025-01-30,"Clinic",144,86,140,90,FALSE
4616,"Springfield Medical Centre",2025-01-30,"Clinic",134,89,140,90,TRUE
4616,"Springfield Medical Centre",2025-06-26,"Clinic",141,100,140,90,FALSE
4616,"Springfield Medical Centre",2025-11-18,"Clinic",135,90,140,90,FALSE
4721,"Springfield Medical Centre",2025-01-17,"Clinic",135,80,140,90,TRUE
4721,"Springfield Medical Centre",2025-01-17,"Clinic",137,75,140,90,TRUE
4721,"Springfield Medical Centre",2025-06-20,"Clinic",151,88,140,90,FALSE
4721,"Springfield Medical Centre",2025-11-20,"Clinic",138,88,140,90,TRUE
4764,"Springfield Medical Centre",2024-02-23,"Clinic",122,86,140,90,TRUE
4764,"Springfield Medical Centre",2024-08-20,"Clinic",161,100,140,90,FALSE
4764,"Springfield Medical Centre",2024-09-18,"Clinic",134,84,140,90,TRUE
4764,"Springfield Medical Centre",2025-01-20,"Clinic",131,75,140,90,TRUE
4764,"Springfield Medical Centre",2025-07-20,"Clinic",131,75,140,90,TRUE
4764,"Springfield Medical Centre",2025-07-20,"Clinic",131,75,140,90,TRUE
4764,"Springfield Medical Centre",2026-08-19,"Clinic",148,91,140,90,FALSE
4818,"Springfield Medical Centre",2022-01-20,"Home",134,73,135,85,TRUE
4818,"Springfield Medical Centre",2022-05-27,"Clinic",114,72,140,90,TRUE
4818,"Springfield Medical Centre",2022-10-20,"Clinic",137,68,140,90,TRUE
4818,"Springfield Medical Centre",2023-02-20,"Clinic",130,77,140,90,TRUE
4818,"Springfield Medical Centre",2024-10-17,"Clinic",129,76,140,90,TRUE
4818,"Springfield Medical Centre",2024-10-17,"Clinic",129,76,140,90,TRUE
4818,"Springfield Medical Centre",2026-07-30,"Clinic",121,63,140,90,TRUE
4832,"Springfield Medical Centre",2022-07-27,"Clinic",128,75,140,90,TRUE
4832,"Springfield Medical Centre",2024-08-23,"Clinic",132,80,140,90,TRUE
4832,"Springfield Medical Centre",2024-08-23,"Clinic",132,88,140,90,TRUE
4832,"Springfield Medical Centre",2024-08-23,"Clinic",134,84,140,90,TRUE
4832,"Springfield Medical Centre",2024-11-19,"Clinic",128,90,140,90,FALSE
4832,"Springfield Medical Centre",2025-01-20,"Clinic",145,64,140,90,FALSE
4832,"Springfield Medical Centre",2025-10-20,"Clinic",155,88,140,90,FALSE
4832,"Springfield Medical Centre",2025-11-28,"Clinic",125,72,140,90,TRUE
4832,"Springfield Medical Centre",2026-07-15,"Clinic",126,82,140,90,TRUE
4871,"Springfield Medical Centre",2023-09-20,"Clinic",138,71,140,90,TRUE
4871,"Springfield Medical Centre",2023-11-20,"Clinic",160,100,140,90,FALSE
4871,"Springfield Medical Centre",2024-02-27,"Clinic",116,71,140,90,TRUE
4871,"Springfield Medical Centre",2024-02-27,"Clinic",116,71,140,90,TRUE
4871,"Springfield Medical Centre",2024-07-30,"Clinic",140,72,140,90,FALSE
4871,"Springfield Medical Centre",2025-05-23,"Clinic",121,54,140,90,TRUE
4871,"Springfield Medical Centre",2025-08-20,"Clinic",120,72,140,90,TRUE
4871,"Springfield Medical Centre",2025-09-20,"Clinic",138,65,140,90,TRUE
4871,"Springfield Medical Centre",2025-11-19,"Clinic",132,76,140,90,TRUE
4871,"Springfield Medical Centre",2026-04-20,"Clinic",158,80,140,90,FALSE
4871,"Springfield Medical Centre",2026-10-20,"Clinic",158,75,140,90,FALSE
4926,"Springfield Medical Centre",2023-09-21,"Home",120,80,135,85,TRUE
4926,"Springfield Medical Centre",2023-12-20,"Clinic",137,78,140,90,TRUE
4926,"Springfield Medical Centre",2023-12-20,"Clinic",137,78,140,90,TRUE
4926,"Springfield Medical Centre",2025-07-24,"Clinic",140,73,140,90,FALSE
4926,"Springfield Medical Centre",2026-11-20,"Clinic",146,82,140,90,FALSE
5086,"Springfield Medical Centre",2022-11-20,"Clinic",123,85,140,90,TRUE
5086,"Springfield Medical Centre",2023-02-20,"Clinic",128,58,140,90,TRUE
5086,"Springfield Medical Centre",2023-02-20,"Clinic",135,57,140,90,TRUE
5086,"Springfield Medical Centre",2023-02-20,"Clinic",149,73,140,90,FALSE
5086,"Springfield Medical Centre",2023-02-20,"Clinic",150,76,140,90,FALSE
5086,"Springfield Medical Centre",2023-02-20,"Clinic",155,73,140,90,FALSE
5086,"Springfield Medical Centre",2023-02-20,"Clinic",156,78,140,90,FALSE
5086,"Springfield Medical Centre",2023-02-20,"Clinic",157,72,140,90,FALSE
5086,"Springfield Medical Centre",2023-02-20,"Clinic",171,89,140,90,FALSE
5086,"Springfield Medical Centre",2024-09-20,"Clinic",139,90,140,90,FALSE
5086,"Springfield Medical Centre",2025-01-20,"Clinic",128,80,140,90,TRUE
5086,"Springfield Medical Centre",2025-04-14,"Clinic",133,69,140,90,TRUE
5086,"Springfield Medical Centre",2026-05-15,"Clinic",125,84,140,90,TRUE
5198,"Springfield Medical Centre",2022-01-20,"Clinic",115,74,140,90,TRUE
5198,"Springfield Medical Centre",2022-03-25,"Clinic",127,75,140,90,TRUE
5198,"Springfield Medical Centre",2022-04-20,"Clinic",157,67,140,90,FALSE
5198,"Springfield Medical Centre",2024-09-20,"Clinic",132,76,140,90,TRUE
5198,"Springfield Medical Centre",2025-08-21,"Clinic",136,67,140,90,TRUE
5198,"Springfield Medical Centre",2026-02-26,"Clinic",132,75,140,90,TRUE
5212,"Springfield Medical Centre",2024-01-22,"Clinic",125,88,140,90,TRUE
5212,"Springfield Medical Centre",2024-02-13,"Clinic",127,85,140,90,TRUE
5212,"Springfield Medical Centre",2024-08-16,"Clinic",117,84,140,90,TRUE
5212,"Springfield Medical Centre",2025-05-23,"Clinic",132,90,140,90,FALSE
5212,"Springfield Medical Centre",2026-10-20,"Clinic",136,90,140,90,FALSE
5226,"Springfield Medical Centre",2025-02-20,"Clinic",126,86,140,90,TRUE
5320,"Springfield Medical Centre",2024-07-20,"Home",130,80,135,85,TRUE
5320,"Springfield Medical Centre",2024-12-20,"Clinic",131,100,140,90,FALSE
5331,"Springfield Medical Centre",2022-07-19,"Clinic",128,63,140,90,TRUE
5331,"Springfield Medical Centre",2023-03-14,"Clinic",131,67,140,90,TRUE
5331,"Springfield Medical Centre",2023-04-20,"Clinic",116,75,140,90,TRUE
5331,"Springfield Medical Centre",2023-04-20,"Clinic",116,75,140,90,TRUE
5331,"Springfield Medical Centre",2023-04-20,"Clinic",116,75,140,90,TRUE
5331,"Springfield Medical Centre",2023-11-28,"Clinic",120,66,140,90,TRUE
5331,"Springfield Medical Centre",2025-03-21,"Clinic",131,61,140,90,TRUE
5331,"Springfield Medical Centre",2025-03-21,"Clinic",131,61,140,90,TRUE
5331,"Springfield Medical Centre",2025-07-20,"Clinic",131,61,140,90,TRUE
5331,"Springfield Medical Centre",2026-04-24,"Clinic",118,64,140,90,TRUE
5342,"Springfield Medical Centre",2021-10-15,"Clinic",129,79,140,90,TRUE
5342,"Springfield Medical Centre",2021-10-15,"Clinic",134,78,140,90,TRUE
5342,"Springfield Medical Centre",2021-10-15,"Clinic",136,85,140,90,TRUE
5342,"Springfield Medical Centre",2022-10-18,"Clinic",124,84,140,90,TRUE
5342,"Springfield Medical Centre",2023-10-20,"Clinic",119,91,140,90,FALSE
5342,"Springfield Medical Centre",2024-10-29,"Clinic",127,90,140,90,FALSE
5342,"Springfield Medical Centre",2024-10-29,"Clinic",127,90,140,90,FALSE
5342,"Springfield Medical Centre",2025-12-22,"Clinic",106,80,140,90,TRUE
5357,"Springfield Medical Centre",2023-12-22,"Clinic",113,60,140,90,TRUE
5357,"Springfield Medical Centre",2024-03-26,"Clinic",150,77,140,90,FALSE
5357,"Springfield Medical Centre",2024-07-20,"Clinic",170,77,140,90,FALSE
5357,"Springfield Medical Centre",2025-01-13,"Clinic",185,87,140,90,FALSE
5357,"Springfield Medical Centre",2025-01-13,"Clinic",185,87,140,90,FALSE
5357,"Springfield Medical Centre",2025-01-31,"Clinic",146,72,140,90,FALSE
5357,"Springfield Medical Centre",2025-02-20,"Clinic",116,67,140,90,TRUE
5357,"Springfield Medical Centre",2026-04-22,"Clinic",112,49,140,90,TRUE
5463,"Springfield Medical Centre",2022-09-20,"Clinic",126,85,140,90,TRUE
5463,"Springfield Medical Centre",2022-11-20,"Clinic",130,80,140,90,TRUE
5463,"Springfield Medical Centre",2023-05-19,"Clinic",148,90,140,90,FALSE
5463,"Springfield Medical Centre",2024-05-20,"Clinic",137,78,140,90,TRUE
5463,"Springfield Medical Centre",2025-04-24,"Clinic",139,81,140,90,TRUE
5467,"Springfield Medical Centre",2023-04-17,"Clinic",139,67,140,90,TRUE
5467,"Springfield Medical Centre",2023-07-20,"Clinic",163,59,140,90,FALSE
5467,"Springfield Medical Centre",2023-10-25,"Clinic",153,56,140,90,FALSE
5467,"Springfield Medical Centre",2024-01-20,"Clinic",138,59,140,90,TRUE
5467,"Springfield Medical Centre",2024-10-29,"Clinic",148,48,140,90,FALSE
5467,"Springfield Medical Centre",2025-01-14,"Clinic",173,55,140,90,FALSE
5467,"Springfield Medical Centre",2025-01-31,"Clinic",115,38,140,90,TRUE
5467,"Springfield Medical Centre",2025-07-20,"Clinic",184,65,140,90,FALSE
5467,"Springfield Medical Centre",2026-01-19,"Clinic",157,56,140,90,FALSE
5467,"Springfield Medical Centre",2026-01-20,"Clinic",127,45,140,90,TRUE
5467,"Springfield Medical Centre",2026-02-18,"Clinic",132,42,140,90,TRUE
5467,"Springfield Medical Centre",2026-05-18,"Clinic",131,80,140,90,TRUE
5467,"Springfield Medical Centre",2026-08-14,"Clinic",141,54,140,90,FALSE
5472,"Springfield Medical Centre",2024-08-20,"Clinic",127,88,140,90,TRUE
5472,"Springfield Medical Centre",2025-02-20,"Clinic",124,84,140,90,TRUE
5472,"Springfield Medical Centre",2026-04-20,"Clinic",122,84,140,90,TRUE
5472,"Springfield Medical Centre",2026-09-20,"Clinic",122,84,140,90,TRUE
5524,"Springfield Medical Centre",2022-09-15,"Clinic",128,82,140,90,TRUE
5524,"Springfield Medical Centre",2023-07-20,"Clinic",190,122,140,90,FALSE
5524,"Springfield Medical Centre",2023-08-20,"Clinic",131,83,140,90,TRUE
5524,"Springfield Medical Centre",2023-11-30,"Clinic",145,84,140,90,FALSE
5524,"Springfield Medical Centre",2023-11-30,"Clinic",145,84,140,90,FALSE
5524,"Springfield Medical Centre",2024-08-20,"Home",116,78,135,85,TRUE
5524,"Springfield Medical Centre",2024-08-20,"Clinic",116,78,140,90,TRUE
5524,"Springfield Medical Centre",2024-08-20,"Clinic",119,82,140,90,TRUE
5524,"Springfield Medical Centre",2024-08-20,"Clinic",125,82,140,90,TRUE
5524,"Springfield Medical Centre",2024-08-20,"Clinic",155,94,140,90,FALSE
5524,"Springfield Medical Centre",2024-09-20,"Clinic",124,75,140,90,TRUE
5524,"Springfield Medical Centre",2025-05-13,"Clinic",133,68,140,90,TRUE
5524,"Springfield Medical Centre",2025-09-20,"Clinic",165,101,140,90,FALSE
5524,"Springfield Medical Centre",2026-04-20,"Clinic",135,80,140,90,TRUE
5524,"Springfield Medical Centre",2026-06-30,"Clinic",131,79,140,90,TRUE
5524,"Springfield Medical Centre",2026-12-20,"Clinic",135,80,140,90,TRUE
5555,"Springfield Medical Centre",2024-05-25,"Clinic",134,76,140,90,TRUE
5555,"Springfield Medical Centre",2024-12-17,"Clinic",136,76,140,90,TRUE
5555,"Springfield Medical Centre",2025-04-20,"Clinic",168,96,140,90,FALSE
5555,"Springfield Medical Centre",2025-04-24,"Clinic",153,91,140,90,FALSE
5555,"Springfield Medical Centre",2025-06-19,"Clinic",138,81,140,90,TRUE
5555,"Springfield Medical Centre",2025-06-19,"Clinic",140,81,140,90,FALSE
5555,"Springfield Medical Centre",2025-06-19,"Clinic",140,83,140,90,FALSE
5555,"Springfield Medical Centre",2026-05-13,"Clinic",141,84,140,90,FALSE
5555,"Springfield Medical Centre",2026-07-22,"Clinic",141,87,140,90,FALSE
5555,"Springfield Medical Centre",2026-07-24,"Home",140,90,135,85,FALSE
5555,"Springfield Medical Centre",2026-07-24,"Clinic",140,90,140,90,FALSE
5569,"Springfield Medical Centre",2022-05-13,"Clinic",111,62,140,90,TRUE
5569,"Springfield Medical Centre",2023-05-20,"Clinic",113,76,140,90,TRUE
5569,"Springfield Medical Centre",2025-07-31,"Clinic",111,75,140,90,TRUE
5569,"Springfield Medical Centre",2025-11-20,"Clinic",119,72,140,90,TRUE
5569,"Springfield Medical Centre",2026-04-23,"Clinic",114,77,140,90,TRUE
5578,"Springfield Medical Centre",2025-11-20,"Clinic",138,86,140,90,TRUE
5578,"Springfield Medical Centre",2026-04-20,"Clinic",139,84,140,90,TRUE
5617,"Springfield Medical Centre",2024-02-20,"Clinic",127,88,140,90,TRUE
5617,"Springfield Medical Centre",2024-02-20,"Clinic",127,88,140,90,TRUE
5617,"Springfield Medical Centre",2024-02-20,"Clinic",127,88,140,90,TRUE
5617,"Springfield Medical Centre",2024-09-20,"Clinic",138,90,140,90,FALSE
5617,"Springfield Medical Centre",2026-05-29,"Clinic",148,90,140,90,FALSE
5645,"Springfield Medical Centre",2022-02-17,"Home",128,79,135,85,TRUE
5645,"Springfield Medical Centre",2022-12-15,"Home",126,76,135,85,TRUE
5645,"Springfield Medical Centre",2025-05-20,"Clinic",140,84,140,90,FALSE
5646,"Springfield Medical Centre",2022-01-20,"Clinic",133,69,140,90,TRUE
5646,"Springfield Medical Centre",2022-06-20,"Clinic",138,66,140,90,TRUE
5646,"Springfield Medical Centre",2023-09-28,"Clinic",140,72,140,90,FALSE
5646,"Springfield Medical Centre",2024-10-16,"Clinic",137,74,140,90,TRUE
5646,"Springfield Medical Centre",2024-10-16,"Clinic",146,71,140,90,FALSE
5646,"Springfield Medical Centre",2024-10-16,"Clinic",157,76,140,90,FALSE
5646,"Springfield Medical Centre",2025-06-24,"Clinic",130,66,140,90,TRUE
5646,"Springfield Medical Centre",2026-01-26,"Clinic",136,66,140,90,TRUE
5646,"Springfield Medical Centre",2026-08-28,"Clinic",148,66,140,90,FALSE
5708,"Springfield Medical Centre",2021-09-13,"Clinic",125,84,140,90,TRUE
5708,"Springfield Medical Centre",2022-07-20,"Clinic",126,80,140,90,TRUE
5708,"Springfield Medical Centre",2022-07-20,"Clinic",126,80,140,90,TRUE
5708,"Springfield Medical Centre",2024-04-26,"Clinic",170,100,140,90,FALSE
5708,"Springfield Medical Centre",2024-10-20,"Clinic",148,92,140,90,FALSE
5708,"Springfield Medical Centre",2025-01-28,"Clinic",150,99,140,90,FALSE
5708,"Springfield Medical Centre",2025-08-29,"Clinic",149,97,140,90,FALSE
5708,"Springfield Medical Centre",2025-09-20,"Clinic",150,95,140,90,FALSE
5708,"Springfield Medical Centre",2025-09-20,"Clinic",150,95,140,90,FALSE
5708,"Springfield Medical Centre",2025-11-20,"Clinic",133,88,140,90,TRUE
5885,"Springfield Medical Centre",2026-05-20,"Clinic",125,75,140,90,TRUE
5885,"Springfield Medical Centre",2026-08-25,"Clinic",128,87,140,90,TRUE
5957,"Springfield Medical Centre",2024-05-22,"Clinic",137,89,140,90,TRUE
5957,"Springfield Medical Centre",2024-05-22,"Clinic",137,89,140,90,TRUE
5957,"Springfield Medical Centre",2025-04-20,"Clinic",135,77,140,90,TRUE
5957,"Springfield Medical Centre",2025-07-20,"Clinic",176,94,140,90,FALSE
5957,"Springfield Medical Centre",2026-04-22,"Clinic",133,66,140,90,TRUE
6024,"Springfield Medical Centre",2022-01-20,"Clinic",121,72,140,90,TRUE
6024,"Springfield Medical Centre",2023-07-20,"Clinic",129,79,140,90,TRUE
6024,"Springfield Medical Centre",2023-07-20,"Clinic",129,79,140,90,TRUE
6024,"Springfield Medical Centre",2023-07-20,"Clinic",129,79,140,90,TRUE
6024,"Springfield Medical Centre",2023-09-20,"Clinic",145,85,140,90,FALSE
6024,"Springfield Medical Centre",2023-11-29,"Clinic",130,80,140,90,TRUE
6024,"Springfield Medical Centre",2024-11-20,"Clinic",145,88,140,90,FALSE
6024,"Springfield Medical Centre",2025-01-16,"Clinic",140,80,140,90,FALSE
6024,"Springfield Medical Centre",2025-02-20,"Clinic",134,85,140,90,TRUE
6024,"Springfield Medical Centre",2025-09-20,"Clinic",142,80,140,90,FALSE
6024,"Springfield Medical Centre",2025-09-20,"Clinic",142,80,140,90,FALSE
6024,"Springfield Medical Centre",2025-09-20,"Clinic",142,80,140,90,FALSE
6024,"Springfield Medical Centre",2026-10-20,"Clinic",135,77,140,90,TRUE
6068,"Springfield Medical Centre",2023-02-17,"Clinic",124,87,140,90,TRUE
6068,"Springfield Medical Centre",2023-05-16,"Clinic",125,85,140,90,TRUE
6068,"Springfield Medical Centre",2024-05-17,"Clinic",131,87,140,90,TRUE
6068,"Springfield Medical Centre",2024-08-16,"Clinic",140,98,140,90,FALSE
6068,"Springfield Medical Centre",2025-01-17,"Clinic",135,88,140,90,TRUE
6068,"Springfield Medical Centre",2025-01-17,"Clinic",137,88,140,90,TRUE
6068,"Springfield Medical Centre",2025-03-18,"Home",124,94,135,85,FALSE
6068,"Springfield Medical Centre",2025-10-20,"Clinic",131,101,140,90,FALSE
6088,"Springfield Medical Centre",2023-05-18,"Clinic",138,78,140,90,TRUE
6088,"Springfield Medical Centre",2023-05-23,"Clinic",140,78,140,90,FALSE
6088,"Springfield Medical Centre",2024-06-13,"Clinic",141,77,140,90,FALSE
6088,"Springfield Medical Centre",2024-06-13,"Clinic",141,77,140,90,FALSE
6088,"Springfield Medical Centre",2024-08-20,"Clinic",155,98,140,90,FALSE
6088,"Springfield Medical Centre",2025-04-30,"Clinic",122,67,140,90,TRUE
6088,"Springfield Medical Centre",2025-05-20,"Clinic",104,56,140,90,TRUE
6088,"Springfield Medical Centre",2026-01-26,"Clinic",145,76,140,90,FALSE
6088,"Springfield Medical Centre",2026-05-20,"Clinic",165,86,140,90,FALSE
6088,"Springfield Medical Centre",2026-08-26,"Clinic",143,75,140,90,FALSE
6139,"Springfield Medical Centre",2024-01-20,"Clinic",132,89,140,90,TRUE
6139,"Springfield Medical Centre",2025-02-20,"Clinic",139,90,140,90,FALSE
6139,"Springfield Medical Centre",2025-11-20,"Clinic",139,93,140,90,FALSE
6139,"Springfield Medical Centre",2025-11-20,"Clinic",139,93,140,90,FALSE
6139,"Springfield Medical Centre",2025-11-20,"Clinic",139,93,140,90,FALSE
6139,"Springfield Medical Centre",2025-11-20,"Clinic",139,93,140,90,FALSE
6139,"Springfield Medical Centre",2025-12-22,"Clinic",139,90,140,90,FALSE
6139,"Springfield Medical Centre",2026-02-20,"Clinic",121,97,140,90,FALSE
6141,"Springfield Medical Centre",2025-08-18,"Clinic",134,88,140,90,TRUE
6141,"Springfield Medical Centre",2025-11-20,"Clinic",146,109,140,90,FALSE
6141,"Springfield Medical Centre",2025-11-20,"Clinic",146,109,140,90,FALSE
6141,"Springfield Medical Centre",2025-11-20,"Clinic",151,127,140,90,FALSE
6141,"Springfield Medical Centre",2025-11-20,"Clinic",151,127,140,90,FALSE
6141,"Springfield Medical Centre",2026-05-19,"Clinic",97,61,140,90,TRUE
6362,"Springfield Medical Centre",2024-08-23,"Clinic",120,70,140,90,TRUE
6362,"Springfield Medical Centre",2024-08-23,"Clinic",136,77,140,90,TRUE
6362,"Springfield Medical Centre",2025-07-31,"Clinic",140,80,140,90,FALSE
6527,"Springfield Medical Centre",2022-08-26,"Clinic",132,76,140,90,TRUE
6527,"Springfield Medical Centre",2022-11-20,"Clinic",144,81,140,90,FALSE
6527,"Springfield Medical Centre",2023-06-23,"Clinic",153,92,140,90,FALSE
6527,"Springfield Medical Centre",2023-09-20,"Clinic",152,92,140,90,FALSE
6527,"Springfield Medical Centre",2024-05-20,"Clinic",130,90,140,90,FALSE
6527,"Springfield Medical Centre",2024-09-16,"Clinic",132,99,140,90,FALSE
6527,"Springfield Medical Centre",2025-04-24,"Clinic",127,87,140,90,TRUE
6527,"Springfield Medical Centre",2026-01-20,"Clinic",141,83,140,90,FALSE
6527,"Springfield Medical Centre",2026-05-15,"Clinic",158,106,140,90,FALSE
6527,"Springfield Medical Centre",2026-07-20,"Clinic",136,96,140,90,FALSE
6620,"Springfield Medical Centre",2023-01-31,"Clinic",133,66,140,90,TRUE
6620,"Springfield Medical Centre",2023-07-20,"Clinic",136,76,140,90,TRUE
6620,"Springfield Medical Centre",2023-11-28,"Clinic",158,78,140,90,FALSE
6620,"Springfield Medical Centre",2025-02-20,"Clinic",134,70,140,90,TRUE
6620,"Springfield Medical Centre",2025-07-28,"Clinic",149,80,140,90,FALSE
6620,"Springfield Medical Centre",2025-12-23,"Home",133,78,135,85,TRUE
6620,"Springfield Medical Centre",2026-01-20,"Clinic",152,86,140,90,FALSE
6620,"Springfield Medical Centre",2026-02-20,"Clinic",125,75,140,90,TRUE
6705,"Springfield Medical Centre",2022-09-20,"Clinic",123,81,140,90,TRUE
6705,"Springfield Medical Centre",2022-10-20,"Clinic",125,77,140,90,TRUE
6705,"Springfield Medical Centre",2023-01-27,"Clinic",118,71,140,90,TRUE
6705,"Springfield Medical Centre",2024-09-20,"Clinic",115,53,140,90,TRUE
6705,"Springfield Medical Centre",2024-11-21,"Clinic",131,79,140,90,TRUE
6705,"Springfield Medical Centre",2024-11-21,"Clinic",131,79,140,90,TRUE
6705,"Springfield Medical Centre",2025-11-20,"Clinic",130,80,140,90,TRUE
6705,"Springfield Medical Centre",2026-01-28,"Clinic",114,77,140,90,TRUE
6705,"Springfield Medical Centre",2026-02-27,"Clinic",116,73,140,90,TRUE
6705,"Springfield Medical Centre",2026-04-20,"Clinic",116,73,140,90,TRUE
6705,"Springfield Medical Centre",2026-04-20,"Clinic",116,73,140,90,TRUE
6808,"Springfield Medical Centre",2022-09-15,"Clinic",132,69,140,90,TRUE
6808,"Springfield Medical Centre",2023-08-20,"Clinic",135,66,140,90,TRUE
6808,"Springfield Medical Centre",2026-04-20,"Clinic",155,81,140,90,FALSE
6808,"Springfield Medical Centre",2026-11-20,"Clinic",155,81,140,90,FALSE
6894,"Springfield Medical Centre",2024-03-20,"Clinic",117,86,140,90,TRUE
6894,"Springfield Medical Centre",2024-03-20,"Clinic",123,90,140,90,FALSE
6894,"Springfield Medical Centre",2024-03-20,"Clinic",126,89,140,90,TRUE
6894,"Springfield Medical Centre",2024-08-20,"Clinic",183,119,140,90,FALSE
6894,"Springfield Medical Centre",2024-08-20,"Clinic",192,121,140,90,FALSE
6894,"Springfield Medical Centre",2024-08-20,"Clinic",194,126,140,90,FALSE
6894,"Springfield Medical Centre",2025-08-26,"Clinic",138,98,140,90,FALSE
6894,"Springfield Medical Centre",2026-03-16,"Home",139,89,135,85,FALSE
6894,"Springfield Medical Centre",2026-03-16,"Clinic",139,89,140,90,TRUE
6894,"Springfield Medical Centre",2026-04-20,"Clinic",139,89,140,90,TRUE
6894,"Springfield Medical Centre",2026-08-25,"Clinic",144,93,140,90,FALSE
7093,"Springfield Medical Centre",2023-02-28,"Clinic",132,52,140,90,TRUE
7093,"Springfield Medical Centre",2024-08-20,"Clinic",127,74,140,90,TRUE
7093,"Springfield Medical Centre",2024-10-20,"Clinic",150,61,140,90,FALSE
7093,"Springfield Medical Centre",2024-11-18,"Clinic",142,76,140,90,FALSE
7093,"Springfield Medical Centre",2024-11-18,"Clinic",142,76,140,90,FALSE
7093,"Springfield Medical Centre",2025-07-16,"Clinic",140,77,140,90,FALSE
7093,"Springfield Medical Centre",2026-07-16,"Clinic",134,68,140,90,TRUE
7093,"Springfield Medical Centre",2026-07-21,"Clinic",136,73,140,90,TRUE
7093,"Springfield Medical Centre",2026-08-14,"Clinic",140,79,140,90,FALSE
7133,"Springfield Medical Centre",2025-06-20,"Clinic",137,79,140,90,TRUE
7133,"Springfield Medical Centre",2026-05-19,"Clinic",115,76,140,90,TRUE
7133,"Springfield Medical Centre",2026-08-20,"Clinic",147,90,140,90,FALSE
7133,"Springfield Medical Centre",2026-08-28,"Clinic",129,82,140,90,TRUE
7133,"Springfield Medical Centre",2026-10-20,"Clinic",133,82,140,90,TRUE
7257,"Springfield Medical Centre",2024-07-20,"Clinic",128,55,140,90,TRUE
7257,"Springfield Medical Centre",2025-01-22,"Clinic",146,71,140,90,FALSE
7257,"Springfield Medical Centre",2025-02-27,"Clinic",139,69,140,90,TRUE
7257,"Springfield Medical Centre",2025-04-16,"Clinic",132,59,140,90,TRUE
7257,"Springfield Medical Centre",2025-05-20,"Clinic",127,55,140,90,TRUE
7257,"Springfield Medical Centre",2025-05-20,"Clinic",127,55,140,90,TRUE
7257,"Springfield Medical Centre",2026-05-19,"Clinic",137,62,140,90,TRUE
7289,"Springfield Medical Centre",2025-10-23,"Clinic",115,84,140,90,TRUE
7289,"Springfield Medical Centre",2026-04-15,"Clinic",125,84,140,90,TRUE
7289,"Springfield Medical Centre",2026-08-20,"Clinic",115,85,140,90,TRUE
7357,"Springfield Medical Centre",2024-08-22,"Clinic",115,78,130,80,TRUE
7357,"Springfield Medical Centre",2025-05-14,"Clinic",136,89,130,80,FALSE
7357,"Springfield Medical Centre",2025-07-17,"Clinic",124,78,130,80,TRUE
7357,"Springfield Medical Centre",2026-04-20,"Clinic",123,79,130,80,TRUE
7536,"Springfield Medical Centre",2023-09-20,"Clinic",131,73,140,90,TRUE
7536,"Springfield Medical Centre",2023-09-20,"Clinic",131,73,140,90,TRUE
7536,"Springfield Medical Centre",2023-09-20,"Clinic",131,73,140,90,TRUE
7536,"Springfield Medical Centre",2023-09-20,"Clinic",131,73,140,90,TRUE
7536,"Springfield Medical Centre",2024-10-28,"Clinic",164,81,140,90,FALSE
7536,"Springfield Medical Centre",2024-10-28,"Clinic",164,81,140,90,FALSE
7536,"Springfield Medical Centre",2024-11-19,"Clinic",126,65,140,90,TRUE
7536,"Springfield Medical Centre",2025-12-22,"Clinic",137,67,140,90,TRUE
7536,"Springfield Medical Centre",2026-01-13,"Clinic",137,65,140,90,TRUE
7536,"Springfield Medical Centre",2026-01-20,"Clinic",131,66,140,90,TRUE
7536,"Springfield Medical Centre",2026-03-30,"Clinic",171,66,140,90,FALSE
7536,"Springfield Medical Centre",2026-04-13,"Clinic",139,74,140,90,TRUE
7610,"Springfield Medical Centre",2022-02-20,"Clinic",120,83,140,90,TRUE
7610,"Springfield Medical Centre",2023-08-25,"Clinic",128,71,140,90,TRUE
7610,"Springfield Medical Centre",2024-02-20,"Clinic",125,77,140,90,TRUE
7610,"Springfield Medical Centre",2024-03-25,"Clinic",118,72,140,90,TRUE
7610,"Springfield Medical Centre",2024-05-17,"Clinic",117,71,140,90,TRUE
7610,"Springfield Medical Centre",2025-10-20,"Clinic",128,65,140,90,TRUE
7610,"Springfield Medical Centre",2026-07-13,"Clinic",119,72,140,90,TRUE
7700,"Springfield Medical Centre",2023-11-20,"Clinic",119,82,150,90,TRUE
7700,"Springfield Medical Centre",2024-01-30,"Clinic",160,78,150,90,FALSE
7700,"Springfield Medical Centre",2024-03-20,"Clinic",179,84,150,90,FALSE
7700,"Springfield Medical Centre",2025-01-13,"Clinic",180,93,150,90,FALSE
7700,"Springfield Medical Centre",2025-01-13,"Clinic",180,93,150,90,FALSE
7700,"Springfield Medical Centre",2025-01-23,"Clinic",149,84,150,90,TRUE
7700,"Springfield Medical Centre",2025-02-20,"Clinic",120,71,150,90,TRUE
7700,"Springfield Medical Centre",2025-02-21,"Clinic",148,81,150,90,TRUE
7700,"Springfield Medical Centre",2025-03-20,"Clinic",177,76,150,90,FALSE
7700,"Springfield Medical Centre",2025-03-25,"Clinic",140,88,150,90,TRUE
7700,"Springfield Medical Centre",2025-06-17,"Clinic",122,72,150,90,TRUE
7700,"Springfield Medical Centre",2025-07-29,"Clinic",162,88,150,90,FALSE
7700,"Springfield Medical Centre",2025-07-29,"Clinic",162,88,150,90,FALSE
7700,"Springfield Medical Centre",2025-08-15,"Clinic",106,71,150,90,TRUE
7700,"Springfield Medical Centre",2025-08-22,"Clinic",117,85,150,90,TRUE
7700,"Springfield Medical Centre",2025-08-28,"Clinic",127,76,150,90,TRUE
7700,"Springfield Medical Centre",2025-11-20,"Clinic",128,81,150,90,TRUE
7700,"Springfield Medical Centre",2025-11-27,"Clinic",118,70,150,90,TRUE
7700,"Springfield Medical Centre",2026-01-22,"Clinic",114,64,150,90,TRUE
7700,"Springfield Medical Centre",2026-01-30,"Clinic",117,67,150,90,TRUE
7700,"Springfield Medical Centre",2026-03-31,"Clinic",113,71,150,90,TRUE
7700,"Springfield Medical Centre",2026-04-22,"Clinic",117,75,150,90,TRUE
7721,"Springfield Medical Centre",2021-02-20,"Clinic",133,76,140,90,TRUE
7721,"Springfield Medical Centre",2022-10-21,"Clinic",131,79,140,90,TRUE
7721,"Springfield Medical Centre",2022-10-21,"Clinic",131,79,140,90,TRUE
7721,"Springfield Medical Centre",2023-10-19,"Clinic",115,65,140,90,TRUE
7721,"Springfield Medical Centre",2024-10-17,"Clinic",125,75,140,90,TRUE
7721,"Springfield Medical Centre",2024-10-17,"Clinic",136,76,140,90,TRUE
7721,"Springfield Medical Centre",2024-10-17,"Clinic",138,80,140,90,TRUE
7721,"Springfield Medical Centre",2025-11-14,"Clinic",153,82,140,90,FALSE
7721,"Springfield Medical Centre",2025-11-27,"Home",130,75,135,85,TRUE
7788,"Springfield Medical Centre",2023-11-20,"Clinic",134,80,140,90,TRUE
7788,"Springfield Medical Centre",2025-06-20,"Clinic",149,86,140,90,FALSE
7788,"Springfield Medical Centre",2026-06-20,"Clinic",120,84,140,90,TRUE
7835,"Springfield Medical Centre",2022-04-25,"Home",128,83,135,85,TRUE
7835,"Springfield Medical Centre",2023-10-13,"Clinic",160,108,140,90,FALSE
7835,"Springfield Medical Centre",2024-03-20,"Clinic",140,89,140,90,FALSE
7835,"Springfield Medical Centre",2024-08-20,"Clinic",150,100,140,90,FALSE
7835,"Springfield Medical Centre",2024-08-20,"Clinic",150,101,140,90,FALSE
7835,"Springfield Medical Centre",2024-08-20,"Clinic",155,110,140,90,FALSE
7835,"Springfield Medical Centre",2025-02-20,"Clinic",141,91,140,90,FALSE
7835,"Springfield Medical Centre",2025-09-20,"Clinic",178,115,140,90,FALSE
7835,"Springfield Medical Centre",2026-05-20,"Clinic",161,107,140,90,FALSE
7893,"Springfield Medical Centre",2022-05-20,"Clinic",102,76,140,90,TRUE
7893,"Springfield Medical Centre",2023-05-25,"Clinic",101,72,140,90,TRUE
7893,"Springfield Medical Centre",2024-11-19,"Clinic",109,86,140,90,TRUE
7893,"Springfield Medical Centre",2025-02-20,"Clinic",115,84,140,90,TRUE
7893,"Springfield Medical Centre",2026-07-20,"Clinic",100,69,140,90,TRUE
7907,"Springfield Medical Centre",2024-08-21,"Clinic",117,65,140,90,TRUE
7907,"Springfield Medical Centre",2024-11-14,"Clinic",119,71,140,90,TRUE
7907,"Springfield Medical Centre",2024-11-14,"Clinic",119,71,140,90,TRUE
7907,"Springfield Medical Centre",2025-06-23,"Clinic",128,70,140,90,TRUE
7907,"Springfield Medical Centre",2026-01-20,"Clinic",103,66,140,90,TRUE
7907,"Springfield Medical Centre",2026-06-20,"Clinic",125,75,140,90,TRUE
7993,"Springfield Medical Centre",2022-12-20,"Clinic",127,87,140,90,TRUE
7993,"Springfield Medical Centre",2024-05-20,"Clinic",125,73,140,90,TRUE
7993,"Springfield Medical Centre",2025-01-31,"Clinic",135,91,140,90,FALSE
7993,"Springfield Medical Centre",2025-01-31,"Clinic",135,91,140,90,FALSE
7993,"Springfield Medical Centre",2025-10-28,"Clinic",106,83,140,90,TRUE
7993,"Springfield Medical Centre",2026-08-26,"Clinic",121,82,140,90,TRUE
8135,"Springfield Medical Centre",2021-09-16,"Clinic",121,82,140,90,TRUE
8135,"Springfield Medical Centre",2021-12-31,"Clinic",134,74,140,90,TRUE
8135,"Springfield Medical Centre",2022-01-14,"Clinic",129,72,140,90,TRUE
8135,"Springfield Medical Centre",2022-01-20,"Clinic",145,78,140,90,FALSE
8135,"Springfield Medical Centre",2023-09-20,"Clinic",137,90,140,90,FALSE
8135,"Springfield Medical Centre",2024-04-18,"Clinic",147,82,140,90,FALSE
8135,"Springfield Medical Centre",2024-06-20,"Clinic",146,71,140,90,FALSE
8135,"Springfield Medical Centre",2024-08-20,"Clinic",134,80,140,90,TRUE
8135,"Springfield Medical Centre",2024-11-20,"Clinic",135,85,140,90,TRUE
8135,"Springfield Medical Centre",2024-11-29,"Clinic",134,89,140,90,TRUE
8135,"Springfield Medical Centre",2024-11-29,"Clinic",136,88,140,90,TRUE
8135,"Springfield Medical Centre",2024-11-29,"Clinic",141,88,140,90,FALSE
8135,"Springfield Medical Centre",2025-05-22,"Clinic",140,70,140,90,FALSE
8135,"Springfield Medical Centre",2025-08-20,"Clinic",144,88,140,90,FALSE
8135,"Springfield Medical Centre",2025-08-20,"Clinic",144,88,140,90,FALSE
8135,"Springfield Medical Centre",2025-12-15,"Clinic",128,79,140,90,TRUE
8135,"Springfield Medical Centre",2026-07-20,"Clinic",132,74,140,90,TRUE
8135,"Springfield Medical Centre",2026-10-20,"Clinic",129,75,140,90,TRUE
8137,"Springfield Medical Centre",2021-09-16,"Clinic",125,78,140,90,TRUE
8137,"Springfield Medical Centre",2022-11-20,"Clinic",128,84,140,90,TRUE
8137,"Springfield Medical Centre",2023-02-20,"Clinic",129,81,140,90,TRUE
8137,"Springfield Medical Centre",2024-01-20,"Clinic",124,76,140,90,TRUE
8137,"Springfield Medical Centre",2025-02-19,"Clinic",132,75,140,90,TRUE
8137,"Springfield Medical Centre",2025-02-19,"Clinic",132,75,140,90,TRUE
8137,"Springfield Medical Centre",2025-06-13,"Clinic",130,87,140,90,TRUE
8442,"Springfield Medical Centre",2023-03-20,"Clinic",118,80,140,90,TRUE
8442,"Springfield Medical Centre",2023-06-20,"Clinic",128,83,140,90,TRUE
8442,"Springfield Medical Centre",2025-09-20,"Clinic",103,78,140,90,TRUE
8514,"Springfield Medical Centre",2022-11-20,"Clinic",128,85,140,90,TRUE
8514,"Springfield Medical Centre",2023-12-21,"Clinic",138,88,140,90,TRUE
8517,"Springfield Medical Centre",2024-02-15,"Clinic",136,76,140,90,TRUE
8517,"Springfield Medical Centre",2024-04-20,"Clinic",150,90,140,90,FALSE
8517,"Springfield Medical Centre",2024-11-13,"Clinic",144,94,140,90,FALSE
8517,"Springfield Medical Centre",2025-01-16,"Clinic",151,89,140,90,FALSE
8517,"Springfield Medical Centre",2025-01-16,"Clinic",151,89,140,90,FALSE
8517,"Springfield Medical Centre",2025-01-16,"Clinic",158,88,140,90,FALSE
8517,"Springfield Medical Centre",2025-01-24,"Clinic",124,80,140,90,TRUE
8517,"Springfield Medical Centre",2025-06-27,"Clinic",128,84,140,90,TRUE
8517,"Springfield Medical Centre",2026-08-28,"Clinic",133,91,140,90,FALSE
8517,"Springfield Medical Centre",2026-11-20,"Clinic",141,94,140,90,FALSE
8529,"Springfield Medical Centre",2021-09-30,"Clinic",118,61,140,90,TRUE
8529,"Springfield Medical Centre",2021-12-14,"Clinic",118,68,140,90,TRUE
8529,"Springfield Medical Centre",2022-08-18,"Clinic",134,78,140,90,TRUE
8529,"Springfield Medical Centre",2023-10-19,"Clinic",148,73,140,90,FALSE
8529,"Springfield Medical Centre",2024-02-15,"Clinic",119,69,140,90,TRUE
8529,"Springfield Medical Centre",2024-09-20,"Clinic",107,71,140,90,TRUE
8529,"Springfield Medical Centre",2024-09-20,"Clinic",107,71,140,90,TRUE
8529,"Springfield Medical Centre",2024-10-21,"Clinic",124,68,140,90,TRUE
8529,"Springfield Medical Centre",2025-07-22,"Clinic",142,82,140,90,FALSE
8529,"Springfield Medical Centre",2026-01-15,"Clinic",139,75,140,90,TRUE
8529,"Springfield Medical Centre",2026-01-20,"Clinic",114,61,140,90,TRUE
8549,"Springfield Medical Centre",2024-08-27,"Clinic",125,74,140,90,TRUE
8549,"Springfield Medical Centre",2025-05-16,"Clinic",129,73,140,90,TRUE
8549,"Springfield Medical Centre",2025-11-20,"Clinic",140,83,140,90,FALSE
8650,"Springfield Medical Centre",2023-06-19,"Clinic",138,85,140,90,TRUE
8650,"Springfield Medical Centre",2023-09-20,"Clinic",148,78,140,90,FALSE
8650,"Springfield Medical Centre",2024-05-20,"Clinic",134,79,140,90,TRUE
8650,"Springfield Medical Centre",2024-10-20,"Clinic",147,84,140,90,FALSE
8650,"Springfield Medical Centre",2024-12-17,"Clinic",140,87,140,90,FALSE
8650,"Springfield Medical Centre",2025-04-23,"Clinic",149,81,140,90,FALSE
8650,"Springfield Medical Centre",2025-09-26,"Clinic",140,79,140,90,FALSE
8650,"Springfield Medical Centre",2026-06-16,"Home",135,70,135,85,FALSE
8923,"Springfield Medical Centre",2025-04-20,"Clinic",120,69,140,90,TRUE
8959,"Springfield Medical Centre",2021-10-14,"Clinic",112,55,140,90,TRUE
8959,"Springfield Medical Centre",2022-01-18,"Clinic",126,68,140,90,TRUE
8959,"Springfield Medical Centre",2022-06-23,"Clinic",122,56,140,90,TRUE
8959,"Springfield Medical Centre",2022-08-23,"Clinic",132,59,140,90,TRUE
8959,"Springfield Medical Centre",2023-04-14,"Clinic",107,64,140,90,TRUE
8959,"Springfield Medical Centre",2023-08-20,"Clinic",110,51,140,90,TRUE
8959,"Springfield Medical Centre",2024-01-29,"Clinic",126,62,140,90,TRUE
8959,"Springfield Medical Centre",2024-05-28,"Clinic",144,70,140,90,FALSE
8959,"Springfield Medical Centre",2024-11-19,"Clinic",112,58,140,90,TRUE
8959,"Springfield Medical Centre",2025-03-20,"Clinic",129,73,140,90,TRUE
8959,"Springfield Medical Centre",2025-05-13,"Clinic",111,72,140,90,TRUE
8959,"Springfield Medical Centre",2025-05-21,"Clinic",118,72,140,90,TRUE
8959,"Springfield Medical Centre",2026-02-19,"Clinic",107,60,140,90,TRUE
8959,"Springfield Medical Centre",2026-02-20,"Clinic",103,68,140,90,TRUE
8959,"Springfield Medical Centre",2026-10-20,"Clinic",117,66,140,90,TRUE
9201,"Springfield Medical Centre",2022-10-20,"Clinic",119,74,140,90,TRUE
9201,"Springfield Medical Centre",2023-06-20,"Clinic",112,70,140,90,TRUE
9201,"Springfield Medical Centre",2024-02-14,"Clinic",120,87,140,90,TRUE
9201,"Springfield Medical Centre",2024-08-14,"Clinic",134,96,140,90,FALSE
9201,"Springfield Medical Centre",2024-12-20,"Clinic",108,84,140,90,TRUE
9201,"Springfield Medical Centre",2025-01-24,"Clinic",98,72,140,90,TRUE
9201,"Springfield Medical Centre",2025-01-24,"Clinic",98,72,140,90,TRUE
9201,"Springfield Medical Centre",2025-06-20,"Clinic",114,70,140,90,TRUE
9493,"Springfield Medical Centre",2025-01-16,"Clinic",133,65,140,90,TRUE
9493,"Springfield Medical Centre",2025-07-20,"Clinic",128,76,140,90,TRUE
9493,"Springfield Medical Centre",2026-05-28,"Clinic",136,65,140,90,TRUE
9493,"Springfield Medical Centre",2026-09-20,"Clinic",140,69,140,90,FALSE
9518,"Springfield Medical Centre",2022-08-20,"Clinic",105,64,140,90,TRUE
9519,"Springfield Medical Centre",2025-10-20,"Clinic",134,88,140,90,TRUE
9519,"Springfield Medical Centre",2026-02-20,"Clinic",129,78,140,90,TRUE
9519,"Springfield Medical Centre",2026-08-17,"Clinic",154,90,140,90,FALSE
9519,"Springfield Medical Centre",2026-08-19,"Clinic",123,83,140,90,TRUE
9538,"Springfield Medical Centre",2022-07-18,"Clinic",116,81,140,90,TRUE
9538,"Springfield Medical Centre",2023-10-20,"Clinic",136,84,140,90,TRUE
9538,"Springfield Medical Centre",2023-12-20,"Clinic",134,87,140,90,TRUE
9538,"Springfield Medical Centre",2025-07-17,"Clinic",132,84,140,90,TRUE
9538,"Springfield Medical Centre",2025-10-20,"Clinic",158,84,140,90,FALSE
9538,"Springfield Medical Centre",2025-11-20,"Clinic",149,92,140,90,FALSE
9538,"Springfield Medical Centre",2026-01-16,"Clinic",144,94,140,90,FALSE
9538,"Springfield Medical Centre",2026-10-20,"Clinic",128,88,140,90,TRUE
9644,"Springfield Medical Centre",2025-03-26,"Clinic",124,88,140,90,TRUE
9644,"Springfield Medical Centre",2025-04-20,"Clinic",144,101,140,90,FALSE
9644,"Springfield Medical Centre",2025-05-27,"Clinic",131,78,140,90,TRUE
9644,"Springfield Medical Centre",2025-05-27,"Clinic",131,79,140,90,TRUE
9644,"Springfield Medical Centre",2025-05-27,"Clinic",140,88,140,90,FALSE
9644,"Springfield Medical Centre",2025-07-14,"Clinic",175,110,140,90,FALSE
9644,"Springfield Medical Centre",2025-07-22,"Clinic",165,107,140,90,FALSE
9644,"Springfield Medical Centre",2025-08-20,"Clinic",150,91,140,90,FALSE
9644,"Springfield Medical Centre",2025-08-20,"Clinic",150,95,140,90,FALSE
9644,"Springfield Medical Centre",2025-11-20,"Clinic",130,94,140,90,FALSE
9644,"Springfield Medical Centre",2026-02-02,"Home",145,70,135,85,FALSE
9644,"Springfield Medical Centre",2026-02-20,"Clinic",129,82,140,90,TRUE
9644,"Springfield Medical Centre",2026-03-25,"Clinic",129,82,140,90,TRUE
9644,"Springfield Medical Centre",2026-11-20,"Clinic",152,112,140,90,FALSE
9648,"Springfield Medical Centre",2023-05-20,"Clinic",123,89,140,90,TRUE
9648,"Springfield Medical Centre",2026-02-20,"Clinic",132,83,140,90,TRUE
9696,"Springfield Medical Centre",2021-10-29,"Clinic",119,77,140,90,TRUE
9696,"Springfield Medical Centre",2022-04-29,"Clinic",130,79,140,90,TRUE
9696,"Springfield Medical Centre",2022-09-20,"Clinic",113,70,140,90,TRUE
9696,"Springfield Medical Centre",2023-06-22,"Clinic",132,82,140,90,TRUE
9696,"Springfield Medical Centre",2023-09-26,"Clinic",120,74,140,90,TRUE
9696,"Springfield Medical Centre",2024-08-20,"Clinic",110,71,140,90,TRUE
9696,"Springfield Medical Centre",2025-07-16,"Clinic",115,71,140,90,TRUE
9696,"Springfield Medical Centre",2026-05-29,"Clinic",122,71,140,90,TRUE
10035,"Springfield Medical Centre",2022-06-16,"Clinic",122,81,140,90,TRUE
10035,"Springfield Medical Centre",2023-12-14,"Clinic",133,85,140,90,TRUE
10035,"Springfield Medical Centre",2024-11-20,"Clinic",134,78,140,90,TRUE
10035,"Springfield Medical Centre",2024-11-20,"Clinic",140,81,140,90,FALSE
10035,"Springfield Medical Centre",2025-02-20,"Clinic",126,89,140,90,TRUE
10035,"Springfield Medical Centre",2026-08-18,"Clinic",114,82,140,90,TRUE
10071,"Springfield Medical Centre",2022-02-18,"Clinic",135,82,140,90,TRUE
10071,"Springfield Medical Centre",2022-06-24,"Clinic",134,86,140,90,TRUE
10071,"Springfield Medical Centre",2024-02-22,"Clinic",156,96,140,90,FALSE
10071,"Springfield Medical Centre",2024-09-20,"Clinic",130,90,140,90,FALSE
10071,"Springfield Medical Centre",2025-02-18,"Clinic",131,90,140,90,FALSE
10071,"Springfield Medical Centre",2025-02-26,"Clinic",135,85,140,90,TRUE
10071,"Springfield Medical Centre",2025-05-20,"Clinic",131,93,140,90,FALSE
10071,"Springfield Medical Centre",2025-05-20,"Clinic",131,93,140,90,FALSE
10071,"Springfield Medical Centre",2025-05-20,"Clinic",131,93,140,90,FALSE
10071,"Springfield Medical Centre",2025-05-20,"Clinic",131,93,140,90,FALSE
10071,"Springfield Medical Centre",2025-06-18,"Clinic",115,75,140,90,TRUE
10293,"Springfield Medical Centre",2022-11-20,"Clinic",116,76,140,90,TRUE
10293,"Springfield Medical Centre",2023-03-29,"Clinic",116,71,140,90,TRUE
10293,"Springfield Medical Centre",2023-05-20,"Clinic",107,79,140,90,TRUE
10293,"Springfield Medical Centre",2023-10-20,"Clinic",118,80,140,90,TRUE
10293,"Springfield Medical Centre",2024-10-29,"Clinic",113,78,140,90,TRUE
10293,"Springfield Medical Centre",2024-12-20,"Clinic",118,80,140,90,TRUE
10293,"Springfield Medical Centre",2025-09-23,"Clinic",136,82,140,90,TRUE
10293,"Springfield Medical Centre",2025-10-28,"Clinic",110,81,140,90,TRUE
10334,"Springfield Medical Centre",2022-07-20,"Clinic",113,73,140,90,TRUE
10334,"Springfield Medical Centre",2023-06-20,"Clinic",140,86,140,90,FALSE
10334,"Springfield Medical Centre",2023-11-22,"Clinic",129,87,140,90,TRUE
10334,"Springfield Medical Centre",2025-05-20,"Clinic",124,78,140,90,TRUE
10334,"Springfield Medical Centre",2025-08-20,"Clinic",142,91,140,90,FALSE
10334,"Springfield Medical Centre",2025-08-28,"Clinic",139,91,140,90,FALSE
10334,"Springfield Medical Centre",2025-09-18,"Clinic",128,90,140,90,FALSE
10334,"Springfield Medical Centre",2026-08-19,"Clinic",133,83,140,90,TRUE
10401,"Springfield Medical Centre",2024-08-20,"Clinic",122,87,140,90,TRUE
10401,"Springfield Medical Centre",2026-03-30,"Clinic",138,92,140,90,FALSE
10401,"Springfield Medical Centre",2026-04-20,"Clinic",138,90,140,90,FALSE
10401,"Springfield Medical Centre",2026-07-20,"Clinic",129,90,140,90,FALSE
10581,"Springfield Medical Centre",2022-02-18,"Clinic",137,77,140,90,TRUE
10581,"Springfield Medical Centre",2023-06-13,"Home",143,89,135,85,FALSE
10581,"Springfield Medical Centre",2023-08-25,"Clinic",136,83,140,90,TRUE
10581,"Springfield Medical Centre",2024-01-23,"Clinic",129,72,140,90,TRUE
10581,"Springfield Medical Centre",2024-07-26,"Clinic",125,76,140,90,TRUE
10581,"Springfield Medical Centre",2024-07-26,"Clinic",134,73,140,90,TRUE
10581,"Springfield Medical Centre",2024-07-26,"Clinic",138,81,140,90,TRUE
10581,"Springfield Medical Centre",2024-08-29,"Clinic",130,74,140,90,TRUE
10581,"Springfield Medical Centre",2025-01-17,"Clinic",131,80,140,90,TRUE
10581,"Springfield Medical Centre",2025-01-17,"Clinic",141,84,140,90,FALSE
10581,"Springfield Medical Centre",2025-01-17,"Clinic",141,84,140,90,FALSE
10581,"Springfield Medical Centre",2026-01-13,"Clinic",149,89,140,90,FALSE
10581,"Springfield Medical Centre",2026-01-20,"Clinic",131,75,140,90,TRUE
10581,"Springfield Medical Centre",2026-08-20,"Clinic",137,86,140,90,TRUE
10666,"Springfield Medical Centre",2024-09-18,"Clinic",123,50,140,90,TRUE
10666,"Springfield Medical Centre",2025-02-17,"Clinic",144,45,140,90,FALSE
10666,"Springfield Medical Centre",2025-02-17,"Clinic",144,45,140,90,FALSE
10666,"Springfield Medical Centre",2025-02-25,"Clinic",140,62,140,90,FALSE
10666,"Springfield Medical Centre",2025-04-28,"Clinic",140,51,140,90,FALSE
10666,"Springfield Medical Centre",2026-06-20,"Clinic",172,53,140,90,FALSE
10729,"Springfield Medical Centre",2022-04-20,"Clinic",133,76,140,90,TRUE
10729,"Springfield Medical Centre",2023-07-13,"Clinic",117,66,140,90,TRUE
10729,"Springfield Medical Centre",2023-07-13,"Clinic",117,66,140,90,TRUE
10729,"Springfield Medical Centre",2024-09-20,"Clinic",119,12,140,90,TRUE
10729,"Springfield Medical Centre",2024-09-20,"Clinic",119,72,140,90,TRUE
10729,"Springfield Medical Centre",2025-06-23,"Clinic",111,67,140,90,TRUE
10729,"Springfield Medical Centre",2026-03-20,"Clinic",107,59,140,90,TRUE
10734,"Springfield Medical Centre",2024-08-15,"Clinic",124,83,140,90,TRUE
10734,"Springfield Medical Centre",2026-01-13,"Home",158,95,135,85,FALSE
10734,"Springfield Medical Centre",2026-02-20,"Clinic",167,94,140,90,FALSE
10765,"Springfield Medical Centre",2023-02-20,"Clinic",124,78,140,90,TRUE
10765,"Springfield Medical Centre",2023-10-26,"Clinic",110,72,140,90,TRUE
10765,"Springfield Medical Centre",2024-01-18,"Clinic",110,72,140,90,TRUE
10765,"Springfield Medical Centre",2025-06-18,"Clinic",116,87,140,90,TRUE
10765,"Springfield Medical Centre",2026-04-23,"Clinic",104,80,140,90,TRUE
11000,"Springfield Medical Centre",2022-12-20,"Clinic",121,80,140,90,TRUE
11000,"Springfield Medical Centre",2023-01-27,"Clinic",109,73,140,90,TRUE
11000,"Springfield Medical Centre",2025-10-17,"Clinic",129,67,140,90,TRUE
11069,"Springfield Medical Centre",2022-06-13,"Clinic",127,81,140,90,TRUE
11069,"Springfield Medical Centre",2022-06-20,"Clinic",144,71,140,90,FALSE
11069,"Springfield Medical Centre",2023-04-20,"Clinic",147,70,140,90,FALSE
11069,"Springfield Medical Centre",2023-05-18,"Clinic",145,85,140,90,FALSE
11069,"Springfield Medical Centre",2023-07-20,"Clinic",130,45,140,90,TRUE
11069,"Springfield Medical Centre",2024-11-20,"Clinic",134,68,140,90,TRUE
11069,"Springfield Medical Centre",2024-11-20,"Clinic",134,86,140,90,TRUE
11069,"Springfield Medical Centre",2024-12-20,"Clinic",140,77,140,90,FALSE
11069,"Springfield Medical Centre",2025-01-29,"Clinic",131,63,140,90,TRUE
11069,"Springfield Medical Centre",2025-02-20,"Clinic",140,65,140,90,FALSE
11069,"Springfield Medical Centre",2026-06-17,"Clinic",121,56,140,90,TRUE
11131,"Springfield Medical Centre",2022-10-20,"Clinic",124,80,140,90,TRUE
11131,"Springfield Medical Centre",2024-07-20,"Clinic",140,91,140,90,FALSE
11131,"Springfield Medical Centre",2025-02-26,"Clinic",140,90,140,90,FALSE
11131,"Springfield Medical Centre",2025-08-13,"Clinic",130,82,140,90,TRUE
11131,"Springfield Medical Centre",2026-07-17,"Clinic",112,79,140,90,TRUE
11131,"Springfield Medical Centre",2026-07-20,"Clinic",135,94,140,90,FALSE
11191,"Springfield Medical Centre",2022-07-25,"Clinic",126,68,140,90,TRUE
11191,"Springfield Medical Centre",2022-08-20,"Clinic",164,81,140,90,FALSE
11191,"Springfield Medical Centre",2022-10-20,"Clinic",125,80,140,90,TRUE
11191,"Springfield Medical Centre",2023-04-20,"Clinic",126,83,140,90,TRUE
11191,"Springfield Medical Centre",2024-05-16,"Clinic",135,83,140,90,TRUE
11191,"Springfield Medical Centre",2024-05-16,"Clinic",165,83,140,90,FALSE
11191,"Springfield Medical Centre",2024-06-20,"Clinic",137,88,140,90,TRUE
11191,"Springfield Medical Centre",2025-04-22,"Clinic",137,86,140,90,TRUE
11277,"Springfield Medical Centre",2022-08-20,"Clinic",121,60,140,90,TRUE
11277,"Springfield Medical Centre",2023-11-30,"Clinic",131,64,140,90,TRUE
11277,"Springfield Medical Centre",2024-01-20,"Clinic",125,72,140,90,TRUE
11277,"Springfield Medical Centre",2025-02-20,"Clinic",116,62,140,90,TRUE
11277,"Springfield Medical Centre",2026-04-15,"Clinic",125,68,140,90,TRUE
11278,"Springfield Medical Centre",2026-01-20,"Clinic",107,84,140,90,TRUE
11278,"Springfield Medical Centre",2026-05-26,"Clinic",122,83,140,90,TRUE
11279,"Springfield Medical Centre",2024-11-18,"Clinic",128,89,140,90,TRUE
11279,"Springfield Medical Centre",2024-11-25,"Clinic",146,105,140,90,FALSE
11279,"Springfield Medical Centre",2024-11-25,"Clinic",146,105,140,90,FALSE
11279,"Springfield Medical Centre",2024-11-25,"Clinic",148,107,140,90,FALSE
11279,"Springfield Medical Centre",2024-11-25,"Clinic",150,103,140,90,FALSE
11279,"Springfield Medical Centre",2024-12-20,"Clinic",134,95,140,90,FALSE
11279,"Springfield Medical Centre",2025-01-13,"Clinic",118,72,140,90,TRUE
11279,"Springfield Medical Centre",2025-01-29,"Clinic",123,90,140,90,FALSE
11279,"Springfield Medical Centre",2025-02-17,"Clinic",129,87,140,90,TRUE
11279,"Springfield Medical Centre",2025-07-20,"Clinic",138,82,140,90,TRUE
11293,"Springfield Medical Centre",2021-10-20,"Clinic",121,71,140,90,TRUE
11293,"Springfield Medical Centre",2022-06-30,"Clinic",154,94,140,90,FALSE
11293,"Springfield Medical Centre",2022-09-20,"Clinic",122,66,140,90,TRUE
11293,"Springfield Medical Centre",2023-01-20,"Clinic",134,72,140,90,TRUE
11293,"Springfield Medical Centre",2023-01-20,"Clinic",128,74,140,90,TRUE
11293,"Springfield Medical Centre",2023-08-24,"Clinic",125,65,140,90,TRUE
11293,"Springfield Medical Centre",2023-08-24,"Clinic",125,65,140,90,TRUE
11293,"Springfield Medical Centre",2024-08-20,"Clinic",110,66,140,90,TRUE
11293,"Springfield Medical Centre",2024-10-17,"Clinic",134,72,140,90,TRUE
11293,"Springfield Medical Centre",2024-10-17,"Clinic",134,72,140,90,TRUE
11293,"Springfield Medical Centre",2025-06-17,"Clinic",134,110,140,90,FALSE
11294,"Springfield Medical Centre",2023-04-20,"Clinic",112,69,140,90,TRUE
11294,"Springfield Medical Centre",2024-10-17,"Clinic",101,61,140,90,TRUE
11294,"Springfield Medical Centre",2025-05-19,"Clinic",145,88,140,90,FALSE
11294,"Springfield Medical Centre",2026-05-19,"Clinic",135,89,140,90,TRUE
11397,"Springfield Medical Centre",2021-10-15,"Clinic",128,79,140,90,TRUE
11397,"Springfield Medical Centre",2021-10-19,"Clinic",117,74,140,90,TRUE
11397,"Springfield Medical Centre",2021-10-20,"Clinic",119,79,140,90,TRUE
11397,"Springfield Medical Centre",2021-12-20,"Clinic",131,95,140,90,FALSE
11397,"Springfield Medical Centre",2022-09-13,"Clinic",134,73,140,90,TRUE
11397,"Springfield Medical Centre",2023-11-20,"Clinic",124,86,140,90,TRUE
11397,"Springfield Medical Centre",2024-07-16,"Clinic",146,94,140,90,FALSE
11397,"Springfield Medical Centre",2024-07-16,"Clinic",146,94,140,90,FALSE
11397,"Springfield Medical Centre",2024-07-25,"Clinic",113,89,140,90,TRUE
11397,"Springfield Medical Centre",2024-09-20,"Clinic",151,81,140,90,FALSE
11397,"Springfield Medical Centre",2026-02-17,"Clinic",132,93,140,90,FALSE
11518,"Springfield Medical Centre",2021-11-19,"Clinic",136,81,140,90,TRUE
11518,"Springfield Medical Centre",2021-11-20,"Clinic",144,77,140,90,FALSE
11518,"Springfield Medical Centre",2022-04-25,"Clinic",158,85,140,90,FALSE
11518,"Springfield Medical Centre",2022-11-20,"Clinic",118,69,140,90,TRUE
11518,"Springfield Medical Centre",2022-11-20,"Clinic",118,69,140,90,TRUE
11518,"Springfield Medical Centre",2023-07-20,"Clinic",123,80,140,90,TRUE
11518,"Springfield Medical Centre",2023-09-19,"Clinic",129,86,140,90,TRUE
11518,"Springfield Medical Centre",2024-07-17,"Clinic",118,66,140,90,TRUE
11518,"Springfield Medical Centre",2025-10-24,"Clinic",120,80,140,90,TRUE
11518,"Springfield Medical Centre",2025-10-29,"Clinic",117,85,140,90,TRUE
11518,"Springfield Medical Centre",2025-10-31,"Clinic",111,78,140,90,TRUE
11518,"Springfield Medical Centre",2025-11-20,"Clinic",128,79,140,90,TRUE
11518,"Springfield Medical Centre",2026-07-20,"Clinic",130,80,140,90,TRUE
11593,"Springfield Medical Centre",2022-01-20,"Home",123,67,135,85,TRUE
11593,"Springfield Medical Centre",2022-04-20,"Clinic",125,80,140,90,TRUE
11593,"Springfield Medical Centre",2022-04-20,"Clinic",139,78,140,90,TRUE
11593,"Springfield Medical Centre",2022-07-26,"Clinic",151,88,140,90,FALSE
11593,"Springfield Medical Centre",2023-04-20,"Clinic",125,79,140,90,TRUE
11593,"Springfield Medical Centre",2023-05-16,"Clinic",130,70,140,90,TRUE
11593,"Springfield Medical Centre",2023-07-20,"Clinic",144,76,140,90,FALSE
11593,"Springfield Medical Centre",2023-07-20,"Clinic",139,76,140,90,TRUE
11593,"Springfield Medical Centre",2024-02-26,"Clinic",137,73,140,90,TRUE
11593,"Springfield Medical Centre",2024-07-20,"Clinic",137,76,140,90,TRUE
11593,"Springfield Medical Centre",2024-07-20,"Clinic",137,76,140,90,TRUE
11593,"Springfield Medical Centre",2026-04-24,"Clinic",150,75,140,90,FALSE
11593,"Springfield Medical Centre",2026-06-22,"Clinic",146,73,140,90,FALSE
11593,"Springfield Medical Centre",2026-08-20,"Clinic",141,92,140,90,FALSE
11703,"Springfield Medical Centre",2022-08-19,"Clinic",124,63,140,90,TRUE
11703,"Springfield Medical Centre",2022-08-19,"Clinic",124,63,140,90,TRUE
11703,"Springfield Medical Centre",2023-01-20,"Clinic",170,79,140,90,FALSE
11703,"Springfield Medical Centre",2023-01-20,"Clinic",170,79,140,90,FALSE
11703,"Springfield Medical Centre",2023-06-20,"Clinic",139,68,140,90,TRUE
11703,"Springfield Medical Centre",2024-02-20,"Clinic",153,83,140,90,FALSE
11703,"Springfield Medical Centre",2024-11-13,"Clinic",131,65,140,90,TRUE
11703,"Springfield Medical Centre",2025-02-18,"Clinic",154,69,140,90,FALSE
11703,"Springfield Medical Centre",2025-02-18,"Clinic",154,69,140,90,FALSE
11703,"Springfield Medical Centre",2025-04-20,"Clinic",116,70,140,90,TRUE
11703,"Springfield Medical Centre",2025-06-25,"Clinic",149,77,140,90,FALSE
11703,"Springfield Medical Centre",2025-08-20,"Clinic",152,70,140,90,FALSE
11703,"Springfield Medical Centre",2025-09-20,"Clinic",118,62,140,90,TRUE
11703,"Springfield Medical Centre",2025-09-22,"Clinic",134,68,140,90,TRUE
11703,"Springfield Medical Centre",2026-04-22,"Clinic",155,78,140,90,FALSE
11703,"Springfield Medical Centre",2026-04-28,"Clinic",120,70,140,90,TRUE
11735,"Springfield Medical Centre",2022-02-20,"Clinic",123,87,140,90,TRUE
11735,"Springfield Medical Centre",2022-07-20,"Clinic",155,77,140,90,FALSE
11735,"Springfield Medical Centre",2022-07-28,"Clinic",129,75,140,90,TRUE
11735,"Springfield Medical Centre",2022-08-25,"Clinic",142,79,140,90,FALSE
11735,"Springfield Medical Centre",2022-09-20,"Clinic",133,82,140,90,TRUE
11735,"Springfield Medical Centre",2023-01-13,"Clinic",154,88,140,90,FALSE
11735,"Springfield Medical Centre",2024-07-23,"Clinic",142,77,140,90,FALSE
11735,"Springfield Medical Centre",2024-12-20,"Clinic",124,85,140,90,TRUE
11735,"Springfield Medical Centre",2024-12-20,"Clinic",134,85,140,90,TRUE
11735,"Springfield Medical Centre",2025-01-22,"Clinic",140,77,140,90,FALSE
11735,"Springfield Medical Centre",2025-02-20,"Clinic",129,75,140,90,TRUE
11735,"Springfield Medical Centre",2025-03-17,"Clinic",145,85,140,90,FALSE
11735,"Springfield Medical Centre",2025-05-28,"Clinic",140,88,140,90,FALSE
11735,"Springfield Medical Centre",2025-07-15,"Clinic",129,80,140,90,TRUE
11735,"Springfield Medical Centre",2025-09-20,"Clinic",151,80,140,90,FALSE
11735,"Springfield Medical Centre",2025-11-20,"Clinic",140,80,140,90,FALSE
11735,"Springfield Medical Centre",2025-12-20,"Clinic",155,80,140,90,FALSE
11735,"Springfield Medical Centre",2026-04-20,"Clinic",135,79,140,90,TRUE
11744,"Springfield Medical Centre",2021-09-20,"Clinic",110,71,140,90,TRUE
11744,"Springfield Medical Centre",2023-01-24,"Clinic",121,88,140,90,TRUE
11744,"Springfield Medical Centre",2024-01-26,"Clinic",172,88,140,90,FALSE
11744,"Springfield Medical Centre",2024-06-21,"Clinic",130,88,140,90,TRUE
11744,"Springfield Medical Centre",2024-10-16,"Clinic",121,77,140,90,TRUE
11744,"Springfield Medical Centre",2024-10-16,"Clinic",121,77,140,90,TRUE
11744,"Springfield Medical Centre",2025-01-31,"Clinic",115,71,140,90,TRUE
11744,"Springfield Medical Centre",2025-09-20,"Clinic",123,83,140,90,TRUE
11744,"Springfield Medical Centre",2025-09-20,"Clinic",123,85,140,90,TRUE
11779,"Springfield Medical Centre",2022-12-15,"Home",126,83,135,85,TRUE
11779,"Springfield Medical Centre",2023-03-30,"Clinic",141,90,140,90,FALSE
11779,"Springfield Medical Centre",2024-02-22,"Clinic",126,90,140,90,FALSE
11779,"Springfield Medical Centre",2024-04-20,"Clinic",137,87,140,90,TRUE
11779,"Springfield Medical Centre",2025-04-15,"Clinic",145,99,140,90,FALSE
11779,"Springfield Medical Centre",2025-04-22,"Clinic",125,80,140,90,TRUE
11779,"Springfield Medical Centre",2025-04-22,"Clinic",131,77,140,90,TRUE
11779,"Springfield Medical Centre",2025-04-22,"Clinic",136,90,140,90,FALSE
11779,"Springfield Medical Centre",2026-04-30,"Clinic",128,85,140,90,TRUE
11779,"Springfield Medical Centre",2026-08-20,"Clinic",122,98,140,90,FALSE
11784,"Springfield Medical Centre",2022-12-15,"Clinic",129,78,140,90,TRUE
11784,"Springfield Medical Centre",2023-11-20,"Clinic",131,80,140,90,TRUE
11859,"Springfield Medical Centre",2022-08-20,"Clinic",124,73,140,90,TRUE
11859,"Springfield Medical Centre",2024-05-21,"Clinic",158,98,140,90,FALSE
11859,"Springfield Medical Centre",2024-05-21,"Clinic",158,98,140,90,FALSE
11859,"Springfield Medical Centre",2025-01-20,"Clinic",140,90,140,90,FALSE
11859,"Springfield Medical Centre",2025-01-29,"Clinic",149,102,140,90,FALSE
11859,"Springfield Medical Centre",2025-06-20,"Clinic",140,90,140,90,FALSE
11859,"Springfield Medical Centre",2026-03-20,"Clinic",131,80,140,90,TRUE
11859,"Springfield Medical Centre",2026-04-20,"Clinic",131,80,140,90,TRUE
11859,"Springfield Medical Centre",2026-04-20,"Clinic",131,80,140,90,TRUE
12057,"Springfield Medical Centre",2025-02-20,"Home",117,78,135,85,TRUE
12057,"Springfield Medical Centre",2025-02-20,"Clinic",155,89,140,90,FALSE
12057,"Springfield Medical Centre",2025-04-20,"Home",148,93,135,85,FALSE
12057,"Springfield Medical Centre",2025-04-20,"Home",156,99,135,85,FALSE
12057,"Springfield Medical Centre",2026-01-15,"Clinic",129,92,140,90,FALSE
12057,"Springfield Medical Centre",2026-04-20,"Clinic",146,102,140,90,FALSE
12057,"Springfield Medical Centre",2026-06-20,"Clinic",130,80,140,90,TRUE
12057,"Springfield Medical Centre",2026-09-20,"Clinic",129,83,140,90,TRUE
12325,"Springfield Medical Centre",2023-11-14,"Clinic",133,76,140,90,TRUE
12325,"Springfield Medical Centre",2023-12-18,"Clinic",171,75,140,90,FALSE
12325,"Springfield Medical Centre",2024-02-20,"Clinic",135,85,140,90,TRUE
12325,"Springfield Medical Centre",2024-12-31,"Clinic",139,73,140,90,TRUE
12325,"Springfield Medical Centre",2025-01-17,"Clinic",137,70,140,90,TRUE
12325,"Springfield Medical Centre",2025-01-17,"Clinic",138,72,140,90,TRUE
12325,"Springfield Medical Centre",2025-01-17,"Clinic",145,72,140,90,FALSE
12325,"Springfield Medical Centre",2025-06-27,"Clinic",136,80,140,90,TRUE
12325,"Springfield Medical Centre",2026-04-22,"Clinic",157,81,140,90,FALSE
12353,"Springfield Medical Centre",2023-07-29,"Clinic",119,85,140,90,TRUE
12353,"Springfield Medical Centre",2023-09-21,"Home",134,92,135,85,FALSE
12353,"Springfield Medical Centre",2023-11-30,"Clinic",148,82,140,90,FALSE
12353,"Springfield Medical Centre",2023-12-15,"Clinic",135,83,140,90,TRUE
12353,"Springfield Medical Centre",2024-03-26,"Clinic",136,82,140,90,TRUE
12353,"Springfield Medical Centre",2025-04-20,"Home",129,88,135,85,FALSE
12353,"Springfield Medical Centre",2025-06-20,"Clinic",153,106,140,90,FALSE
12353,"Springfield Medical Centre",2026-02-24,"Clinic",131,88,140,90,TRUE
12391,"Springfield Medical Centre",2024-12-20,"Clinic",134,80,140,90,TRUE
12391,"Springfield Medical Centre",2024-12-20,"Clinic",135,82,140,90,TRUE
12391,"Springfield Medical Centre",2025-08-14,"Clinic",141,104,140,90,FALSE
12391,"Springfield Medical Centre",2025-08-19,"Clinic",136,77,140,90,TRUE
12391,"Springfield Medical Centre",2025-08-27,"Clinic",138,81,140,90,TRUE
12391,"Springfield Medical Centre",2026-02-20,"Clinic",140,80,140,90,FALSE
12391,"Springfield Medical Centre",2026-02-20,"Clinic",140,80,140,90,FALSE
12410,"Springfield Medical Centre",2021-06-20,"Home",124,75,135,85,TRUE
12410,"Springfield Medical Centre",2023-10-20,"Home",137,76,135,85,FALSE
12410,"Springfield Medical Centre",2023-10-31,"Clinic",186,98,140,90,FALSE
12410,"Springfield Medical Centre",2023-10-31,"Clinic",186,98,140,90,FALSE
12410,"Springfield Medical Centre",2023-10-31,"Clinic",186,98,140,90,FALSE
12410,"Springfield Medical Centre",2024-02-22,"Clinic",126,76,140,90,TRUE
12410,"Springfield Medical Centre",2024-06-20,"Clinic",125,74,140,90,TRUE
12410,"Springfield Medical Centre",2024-08-27,"Clinic",116,72,140,90,TRUE
12410,"Springfield Medical Centre",2025-01-20,"Clinic",166,92,140,90,FALSE
12410,"Springfield Medical Centre",2025-01-21,"Home",125,74,135,85,TRUE
12410,"Springfield Medical Centre",2026-02-26,"Home",125,75,135,85,TRUE
12410,"Springfield Medical Centre",2026-04-27,"Clinic",138,81,140,90,TRUE
12477,"Springfield Medical Centre",2025-07-20,"Clinic",134,87,140,90,TRUE
12477,"Springfield Medical Centre",2025-08-13,"Clinic",151,80,140,90,FALSE
12477,"Springfield Medical Centre",2025-08-27,"Clinic",158,93,140,90,FALSE
12477,"Springfield Medical Centre",2026-01-27,"Home",131,112,135,85,FALSE
12477,"Springfield Medical Centre",2026-02-26,"Clinic",154,96,140,90,FALSE
12477,"Springfield Medical Centre",2026-03-24,"Home",136,89,135,85,FALSE
12477,"Springfield Medical Centre",2026-04-20,"Clinic",136,89,140,90,TRUE
12546,"Springfield Medical Centre",2024-05-20,"Home",120,75,135,85,TRUE
12546,"Springfield Medical Centre",2024-05-20,"Clinic",125,80,140,90,TRUE
12546,"Springfield Medical Centre",2024-06-24,"Clinic",143,84,140,90,FALSE
12546,"Springfield Medical Centre",2025-01-20,"Clinic",130,80,140,90,TRUE
12546,"Springfield Medical Centre",2025-03-20,"Clinic",143,89,140,90,FALSE
12546,"Springfield Medical Centre",2025-11-20,"Clinic",130,80,140,90,TRUE
12546,"Springfield Medical Centre",2026-04-15,"Home",110,69,135,85,TRUE
12546,"Springfield Medical Centre",2026-04-20,"Clinic",139,88,140,90,TRUE
12546,"Springfield Medical Centre",2026-08-20,"Clinic",95,70,140,90,TRUE
12546,"Springfield Medical Centre",2026-08-28,"Clinic",127,74,140,90,TRUE
12546,"Springfield Medical Centre",2026-10-20,"Clinic",139,88,140,90,TRUE
12574,"Springfield Medical Centre",2023-01-31,"Clinic",133,84,140,90,TRUE
12574,"Springfield Medical Centre",2023-02-20,"Clinic",124,76,140,90,TRUE
12574,"Springfield Medical Centre",2023-06-15,"Clinic",125,79,140,90,TRUE
12574,"Springfield Medical Centre",2024-06-24,"Clinic",136,91,140,90,FALSE
12574,"Springfield Medical Centre",2024-07-30,"Clinic",104,56,140,90,TRUE
12574,"Springfield Medical Centre",2025-01-30,"Clinic",125,78,140,90,TRUE
12574,"Springfield Medical Centre",2025-06-30,"Clinic",131,93,140,90,FALSE
12574,"Springfield Medical Centre",2025-08-28,"Clinic",115,76,140,90,TRUE
12574,"Springfield Medical Centre",2026-01-29,"Clinic",136,83,140,90,TRUE
12574,"Springfield Medical Centre",2026-08-17,"Clinic",129,83,140,90,TRUE
12631,"Springfield Medical Centre",2022-08-19,"Clinic",136,71,140,90,TRUE
12631,"Springfield Medical Centre",2022-09-16,"Clinic",148,82,140,90,FALSE
12631,"Springfield Medical Centre",2022-09-20,"Clinic",147,68,140,90,FALSE
12631,"Springfield Medical Centre",2023-05-26,"Clinic",128,71,140,90,TRUE
12631,"Springfield Medical Centre",2023-06-30,"Clinic",119,90,140,90,FALSE
12631,"Springfield Medical Centre",2023-07-20,"Clinic",136,81,140,90,TRUE
12631,"Springfield Medical Centre",2023-07-28,"Clinic",136,81,140,90,TRUE
12631,"Springfield Medical Centre",2023-10-19,"Clinic",146,83,140,90,FALSE
12631,"Springfield Medical Centre",2024-10-21,"Clinic",136,80,140,90,TRUE
12631,"Springfield Medical Centre",2024-10-21,"Clinic",136,80,140,90,TRUE
12631,"Springfield Medical Centre",2025-02-19,"Clinic",139,72,140,90,TRUE
12631,"Springfield Medical Centre",2025-02-19,"Clinic",139,72,140,90,TRUE
12631,"Springfield Medical Centre",2025-04-29,"Clinic",129,74,140,90,TRUE
12631,"Springfield Medical Centre",2026-01-19,"Clinic",133,65,140,90,TRUE
12631,"Springfield Medical Centre",2026-04-23,"Clinic",139,77,140,90,TRUE
12889,"Springfield Medical Centre",2026-05-20,"Clinic",122,87,140,90,TRUE
12929,"Springfield Medical Centre",2025-08-20,"Clinic",120,80,140,90,TRUE
12929,"Springfield Medical Centre",2026-02-25,"Clinic",120,90,140,90,FALSE
13019,"Springfield Medical Centre",2021-07-20,"Clinic",128,88,140,90,TRUE
13019,"Springfield Medical Centre",2022-09-28,"Clinic",133,79,140,90,TRUE
13019,"Springfield Medical Centre",2022-11-20,"Clinic",124,73,140,90,TRUE
13019,"Springfield Medical Centre",2023-09-26,"Clinic",140,88,140,90,FALSE
13019,"Springfield Medical Centre",2023-10-20,"Clinic",137,92,140,90,FALSE
13019,"Springfield Medical Centre",2025-01-13,"Clinic",155,107,140,90,FALSE
13019,"Springfield Medical Centre",2025-01-13,"Clinic",155,107,140,90,FALSE
13019,"Springfield Medical Centre",2025-01-24,"Clinic",118,87,140,90,TRUE
13019,"Springfield Medical Centre",2025-03-17,"Clinic",140,96,140,90,FALSE
13019,"Springfield Medical Centre",2025-03-26,"Clinic",140,96,140,90,FALSE
13019,"Springfield Medical Centre",2025-06-20,"Clinic",149,93,140,90,FALSE
13019,"Springfield Medical Centre",2026-05-20,"Home",120,79,135,85,TRUE
13019,"Springfield Medical Centre",2026-10-20,"Clinic",130,86,140,90,TRUE
13049,"Springfield Medical Centre",2026-04-28,"Clinic",125,80,140,90,TRUE
13208,"Springfield Medical Centre",2022-08-20,"Clinic",137,78,140,90,TRUE
13208,"Springfield Medical Centre",2023-02-17,"Clinic",130,81,140,90,TRUE
13208,"Springfield Medical Centre",2023-05-18,"Clinic",137,89,140,90,TRUE
13208,"Springfield Medical Centre",2024-10-20,"Clinic",136,83,140,90,TRUE
13208,"Springfield Medical Centre",2024-10-20,"Clinic",136,83,140,90,TRUE
13208,"Springfield Medical Centre",2025-04-22,"Clinic",147,84,140,90,FALSE
13208,"Springfield Medical Centre",2025-10-21,"Clinic",145,90,140,90,FALSE
13208,"Springfield Medical Centre",2026-02-25,"Clinic",124,77,140,90,TRUE
13208,"Springfield Medical Centre",2026-04-20,"Clinic",158,95,140,90,FALSE
13208,"Springfield Medical Centre",2026-05-21,"Clinic",143,88,140,90,FALSE
13208,"Springfield Medical Centre",2026-07-20,"Clinic",166,96,140,90,FALSE
13208,"Springfield Medical Centre",2026-07-20,"Clinic",159,90,140,90,FALSE
13283,"Springfield Medical Centre",2023-02-28,"Clinic",114,76,140,90,TRUE
13283,"Springfield Medical Centre",2023-09-20,"Clinic",128,78,140,90,TRUE
13283,"Springfield Medical Centre",2025-05-14,"Clinic",130,77,140,90,TRUE
13283,"Springfield Medical Centre",2025-07-20,"Clinic",130,90,140,90,FALSE
13283,"Springfield Medical Centre",2026-06-20,"Clinic",123,73,140,90,TRUE
13335,"Springfield Medical Centre",2021-12-29,"Home",125,84,135,85,TRUE
13335,"Springfield Medical Centre",2022-05-31,"Home",151,89,135,85,FALSE
13335,"Springfield Medical Centre",2022-06-20,"Home",139,90,135,85,FALSE
13335,"Springfield Medical Centre",2023-12-22,"Clinic",134,82,140,90,TRUE
13335,"Springfield Medical Centre",2023-12-22,"Clinic",134,82,140,90,TRUE
13335,"Springfield Medical Centre",2024-07-20,"Clinic",144,97,140,90,FALSE
13335,"Springfield Medical Centre",2025-04-25,"Clinic",114,84,140,90,TRUE
13335,"Springfield Medical Centre",2025-06-20,"Clinic",139,87,140,90,TRUE
13335,"Springfield Medical Centre",2026-04-24,"Clinic",150,103,140,90,FALSE
13335,"Springfield Medical Centre",2026-05-21,"Home",139,94,135,85,FALSE
13353,"Springfield Medical Centre",2024-02-22,"Clinic",128,82,140,90,TRUE
13353,"Springfield Medical Centre",2024-04-20,"Clinic",129,85,140,90,TRUE
13353,"Springfield Medical Centre",2024-10-20,"Clinic",132,86,140,90,TRUE
13353,"Springfield Medical Centre",2025-06-20,"Clinic",141,88,140,90,FALSE
13353,"Springfield Medical Centre",2025-12-20,"Clinic",116,79,140,90,TRUE
13353,"Springfield Medical Centre",2026-04-23,"Clinic",116,63,140,90,TRUE
13353,"Springfield Medical Centre",2026-06-22,"Clinic",145,94,140,90,FALSE
13376,"Springfield Medical Centre",2022-11-20,"Clinic",130,86,140,90,TRUE
13376,"Springfield Medical Centre",2023-03-30,"Clinic",137,90,140,90,FALSE
13376,"Springfield Medical Centre",2023-04-28,"Home",129,87,135,85,FALSE
13376,"Springfield Medical Centre",2024-01-20,"Clinic",128,90,140,90,FALSE
13376,"Springfield Medical Centre",2025-01-17,"Clinic",130,90,140,90,FALSE
13376,"Springfield Medical Centre",2025-01-31,"Home",136,93,135,85,FALSE
13376,"Springfield Medical Centre",2025-03-20,"Clinic",128,88,140,90,TRUE
13376,"Springfield Medical Centre",2025-10-20,"Clinic",142,94,140,90,FALSE
13376,"Springfield Medical Centre",2025-10-20,"Clinic",142,94,140,90,FALSE
13376,"Springfield Medical Centre",2025-10-20,"Clinic",148,92,140,90,FALSE
13376,"Springfield Medical Centre",2025-10-20,"Clinic",149,96,140,90,FALSE
13376,"Springfield Medical Centre",2025-10-20,"Clinic",131,85,140,90,TRUE
13376,"Springfield Medical Centre",2026-02-20,"Clinic",131,80,140,90,TRUE
13399,"Springfield Medical Centre",2023-10-19,"Clinic",106,78,140,90,TRUE
13399,"Springfield Medical Centre",2023-10-19,"Clinic",106,78,140,90,TRUE
13399,"Springfield Medical Centre",2024-10-20,"Clinic",130,77,140,90,TRUE
13399,"Springfield Medical Centre",2024-10-20,"Clinic",130,80,140,90,TRUE
13399,"Springfield Medical Centre",2024-10-20,"Clinic",133,78,140,90,TRUE
13399,"Springfield Medical Centre",2025-03-20,"Clinic",135,100,140,90,FALSE
13399,"Springfield Medical Centre",2025-12-31,"Home",105,75,135,85,TRUE
13399,"Springfield Medical Centre",2026-04-17,"Clinic",122,96,140,90,FALSE
13399,"Springfield Medical Centre",2026-04-20,"Clinic",104,77,140,90,TRUE
13427,"Springfield Medical Centre",2025-05-15,"Clinic",138,73,140,90,TRUE
13427,"Springfield Medical Centre",2025-05-31,"Clinic",126,71,140,90,TRUE
13427,"Springfield Medical Centre",2025-12-27,"Clinic",141,73,140,90,FALSE
13443,"Springfield Medical Centre",2022-08-20,"Clinic",119,76,140,90,TRUE
13443,"Springfield Medical Centre",2024-01-20,"Clinic",129,76,140,90,TRUE
13443,"Springfield Medical Centre",2024-11-28,"Clinic",120,85,140,90,TRUE
13443,"Springfield Medical Centre",2024-11-28,"Clinic",122,87,140,90,TRUE
13443,"Springfield Medical Centre",2025-10-20,"Clinic",116,80,140,90,TRUE
13443,"Springfield Medical Centre",2026-01-20,"Clinic",125,79,140,90,TRUE
13450,"Springfield Medical Centre",2023-11-21,"Clinic",123,76,140,90,TRUE
13450,"Springfield Medical Centre",2023-12-20,"Clinic",142,88,140,90,FALSE
13450,"Springfield Medical Centre",2023-12-20,"Clinic",142,88,140,90,FALSE
13450,"Springfield Medical Centre",2024-09-18,"Clinic",117,75,140,90,TRUE
13450,"Springfield Medical Centre",2025-01-20,"Clinic",136,87,140,90,TRUE
13450,"Springfield Medical Centre",2025-01-22,"Clinic",121,86,140,90,TRUE
13450,"Springfield Medical Centre",2025-08-21,"Clinic",137,77,140,90,TRUE
13450,"Springfield Medical Centre",2026-04-28,"Clinic",113,81,140,90,TRUE
13587,"Springfield Medical Centre",2023-12-21,"Clinic",138,85,140,90,TRUE
13587,"Springfield Medical Centre",2024-08-23,"Clinic",130,81,140,90,TRUE
13587,"Springfield Medical Centre",2024-08-23,"Clinic",130,82,140,90,TRUE
13587,"Springfield Medical Centre",2025-01-20,"Clinic",127,76,140,90,TRUE
13587,"Springfield Medical Centre",2025-02-17,"Clinic",158,103,140,90,FALSE
13587,"Springfield Medical Centre",2025-03-25,"Clinic",126,75,140,90,TRUE
13587,"Springfield Medical Centre",2025-03-25,"Clinic",127,76,140,90,TRUE
13587,"Springfield Medical Centre",2025-10-20,"Clinic",135,88,140,90,TRUE
13587,"Springfield Medical Centre",2026-07-16,"Clinic",144,85,140,90,FALSE
13686,"Springfield Medical Centre",2023-09-20,"Clinic",124,74,140,90,TRUE
13686,"Springfield Medical Centre",2024-11-20,"Clinic",136,87,140,90,TRUE
13686,"Springfield Medical Centre",2025-05-27,"Clinic",140,87,140,90,FALSE
13686,"Springfield Medical Centre",2025-09-30,"Clinic",134,85,140,90,TRUE
13686,"Springfield Medical Centre",2025-10-13,"Clinic",118,77,140,90,TRUE
13686,"Springfield Medical Centre",2026-06-20,"Clinic",122,76,140,90,TRUE
13738,"Springfield Medical Centre",2022-11-24,"Home",117,80,135,85,TRUE
13738,"Springfield Medical Centre",2022-11-24,"Clinic",128,82,140,90,TRUE
13738,"Springfield Medical Centre",2023-05-18,"Clinic",120,78,140,90,TRUE
13738,"Springfield Medical Centre",2024-01-20,"Clinic",123,91,140,90,FALSE
13738,"Springfield Medical Centre",2024-08-20,"Clinic",123,90,140,90,FALSE
13738,"Springfield Medical Centre",2024-08-27,"Clinic",120,80,140,90,TRUE
13738,"Springfield Medical Centre",2024-08-27,"Clinic",120,86,140,90,TRUE
13738,"Springfield Medical Centre",2024-08-27,"Clinic",120,86,140,90,TRUE
13738,"Springfield Medical Centre",2025-04-20,"Clinic",149,97,140,90,FALSE
13738,"Springfield Medical Centre",2026-03-24,"Clinic",132,90,140,90,FALSE
13743,"Springfield Medical Centre",2024-12-20,"Clinic",132,82,140,90,TRUE
13743,"Springfield Medical Centre",2024-12-20,"Clinic",132,82,140,90,TRUE
13743,"Springfield Medical Centre",2025-06-26,"Clinic",111,57,140,90,TRUE
13743,"Springfield Medical Centre",2026-06-25,"Clinic",129,57,140,90,TRUE
13799,"Springfield Medical Centre",2021-10-19,"Clinic",123,78,140,90,TRUE
13799,"Springfield Medical Centre",2021-12-13,"Clinic",112,73,140,90,TRUE
13799,"Springfield Medical Centre",2022-07-20,"Clinic",125,78,140,90,TRUE
13799,"Springfield Medical Centre",2022-12-15,"Clinic",127,81,140,90,TRUE
13799,"Springfield Medical Centre",2023-03-20,"Clinic",131,80,140,90,TRUE
13799,"Springfield Medical Centre",2023-05-20,"Clinic",137,76,140,90,TRUE
13799,"Springfield Medical Centre",2024-12-20,"Clinic",132,79,140,90,TRUE
13799,"Springfield Medical Centre",2025-02-20,"Clinic",134,72,140,90,TRUE
13799,"Springfield Medical Centre",2025-04-20,"Clinic",148,85,140,90,FALSE
13799,"Springfield Medical Centre",2025-08-20,"Clinic",122,76,140,90,TRUE
13799,"Springfield Medical Centre",2026-02-20,"Clinic",118,72,140,90,TRUE
13799,"Springfield Medical Centre",2026-07-20,"Clinic",117,74,140,90,TRUE
13799,"Springfield Medical Centre",2026-08-20,"Clinic",140,81,140,90,FALSE
13880,"Springfield Medical Centre",2023-03-14,"Clinic",138,78,140,90,TRUE
13880,"Springfield Medical Centre",2026-02-18,"Clinic",168,82,140,90,FALSE
13919,"Springfield Medical Centre",2023-11-21,"Clinic",131,87,140,90,TRUE
13919,"Springfield Medical Centre",2023-11-27,"Clinic",120,85,140,90,TRUE
13919,"Springfield Medical Centre",2023-12-20,"Clinic",131,86,140,90,TRUE
13919,"Springfield Medical Centre",2024-02-19,"Clinic",128,90,140,90,FALSE
13919,"Springfield Medical Centre",2024-02-19,"Clinic",128,90,140,90,FALSE
13919,"Springfield Medical Centre",2024-02-19,"Clinic",128,90,140,90,FALSE
13919,"Springfield Medical Centre",2024-07-19,"Clinic",121,80,140,90,TRUE
13920,"Springfield Medical Centre",2025-04-20,"Home",130,80,135,85,TRUE
13920,"Springfield Medical Centre",2025-06-20,"Clinic",130,80,140,90,TRUE
13920,"Springfield Medical Centre",2026-01-16,"Clinic",161,92,140,90,FALSE
13920,"Springfield Medical Centre",2026-02-06,"Home",128,82,135,85,TRUE
13920,"Springfield Medical Centre",2026-12-20,"Clinic",117,82,140,90,TRUE
13966,"Springfield Medical Centre",2024-10-22,"Clinic",125,84,140,90,TRUE
13966,"Springfield Medical Centre",2025-02-20,"Clinic",155,102,140,90,FALSE
13966,"Springfield Medical Centre",2025-02-27,"Clinic",140,83,140,90,FALSE
13966,"Springfield Medical Centre",2025-05-23,"Clinic",161,99,140,90,FALSE
13966,"Springfield Medical Centre",2025-05-30,"Clinic",140,77,140,90,FALSE
13966,"Springfield Medical Centre",2026-05-19,"Clinic",156,88,140,90,FALSE
13966,"Springfield Medical Centre",2026-07-17,"Clinic",140,77,140,90,FALSE
14003,"Springfield Medical Centre",2022-02-20,"Clinic",94,65,140,90,TRUE
14003,"Springfield Medical Centre",2022-10-28,"Clinic",123,67,140,90,TRUE
14003,"Springfield Medical Centre",2025-12-20,"Clinic",106,74,140,90,TRUE
14003,"Springfield Medical Centre",2026-06-20,"Clinic",105,63,140,90,TRUE
14031,"Springfield Medical Centre",2023-01-31,"Clinic",126,80,140,90,TRUE
14031,"Springfield Medical Centre",2023-02-20,"Clinic",130,84,140,90,TRUE
14031,"Springfield Medical Centre",2024-10-20,"Clinic",150,90,140,90,FALSE
14031,"Springfield Medical Centre",2024-10-20,"Clinic",140,90,140,90,FALSE
14031,"Springfield Medical Centre",2025-03-20,"Clinic",137,79,140,90,TRUE
14031,"Springfield Medical Centre",2026-04-22,"Clinic",140,92,140,90,FALSE
14031,"Springfield Medical Centre",2026-05-20,"Clinic",153,91,140,90,FALSE
14031,"Springfield Medical Centre",2026-05-22,"Clinic",151,91,140,90,FALSE
14076,"Springfield Medical Centre",2022-05-27,"Clinic",124,69,140,90,TRUE
14076,"Springfield Medical Centre",2022-09-23,"Clinic",128,80,140,90,TRUE
14076,"Springfield Medical Centre",2024-10-20,"Clinic",109,56,140,90,TRUE
14076,"Springfield Medical Centre",2024-10-20,"Clinic",109,56,140,90,TRUE
14076,"Springfield Medical Centre",2025-03-20,"Clinic",137,89,140,90,TRUE
14076,"Springfield Medical Centre",2025-03-20,"Clinic",137,89,140,90,TRUE
14076,"Springfield Medical Centre",2025-03-20,"Clinic",112,69,140,90,TRUE
14095,"Springfield Medical Centre",2021-11-18,"Clinic",132,75,140,90,TRUE
14095,"Springfield Medical Centre",2021-11-20,"Clinic",122,67,140,90,TRUE
14095,"Springfield Medical Centre",2022-09-15,"Clinic",132,66,140,90,TRUE
14095,"Springfield Medical Centre",2023-10-20,"Clinic",150,85,140,90,FALSE
14095,"Springfield Medical Centre",2023-11-23,"Clinic",140,78,140,90,FALSE
14095,"Springfield Medical Centre",2024-01-20,"Clinic",135,78,140,90,TRUE
14095,"Springfield Medical Centre",2024-09-20,"Clinic",135,79,140,90,TRUE
14095,"Springfield Medical Centre",2025-05-20,"Clinic",117,76,140,90,TRUE
14095,"Springfield Medical Centre",2026-08-20,"Clinic",128,68,140,90,TRUE
14113,"Springfield Medical Centre",2022-01-20,"Clinic",128,76,140,90,TRUE
14113,"Springfield Medical Centre",2022-09-20,"Clinic",126,70,140,90,TRUE
14113,"Springfield Medical Centre",2023-02-20,"Clinic",145,73,140,90,FALSE
14113,"Springfield Medical Centre",2023-02-20,"Clinic",145,73,140,90,FALSE
14113,"Springfield Medical Centre",2023-06-20,"Clinic",165,72,140,90,FALSE
14113,"Springfield Medical Centre",2023-11-28,"Clinic",132,73,140,90,TRUE
14113,"Springfield Medical Centre",2024-04-20,"Clinic",140,71,140,90,FALSE
14113,"Springfield Medical Centre",2024-06-17,"Clinic",138,62,140,90,TRUE
14113,"Springfield Medical Centre",2024-10-28,"Clinic",141,71,140,90,FALSE
14113,"Springfield Medical Centre",2024-10-28,"Clinic",141,71,140,90,FALSE
14113,"Springfield Medical Centre",2025-06-20,"Clinic",128,70,140,90,TRUE
14113,"Springfield Medical Centre",2025-07-20,"Clinic",146,69,140,90,FALSE
14157,"Springfield Medical Centre",2021-06-20,"Clinic",108,75,140,90,TRUE
14157,"Springfield Medical Centre",2022-08-19,"Clinic",136,88,140,90,TRUE
14157,"Springfield Medical Centre",2023-07-28,"Clinic",125,81,140,90,TRUE
14157,"Springfield Medical Centre",2023-07-28,"Clinic",125,85,140,90,TRUE
14157,"Springfield Medical Centre",2023-10-31,"Clinic",119,80,140,90,TRUE
14157,"Springfield Medical Centre",2024-05-20,"Clinic",129,87,140,90,TRUE
14157,"Springfield Medical Centre",2024-11-20,"Clinic",138,90,140,90,FALSE
14157,"Springfield Medical Centre",2024-11-20,"Clinic",139,90,140,90,FALSE
14157,"Springfield Medical Centre",2025-06-19,"Clinic",130,79,140,90,TRUE
14157,"Springfield Medical Centre",2025-06-25,"Clinic",124,84,140,90,TRUE
14157,"Springfield Medical Centre",2026-03-31,"Clinic",120,81,140,90,TRUE
14157,"Springfield Medical Centre",2026-04-20,"Clinic",120,81,140,90,TRUE
14383,"Springfield Medical Centre",2022-04-20,"Clinic",129,77,140,90,TRUE
14383,"Springfield Medical Centre",2022-05-18,"Home",127,73,135,85,TRUE
14383,"Springfield Medical Centre",2022-09-30,"Clinic",140,70,140,90,FALSE
14383,"Springfield Medical Centre",2023-05-25,"Clinic",123,72,140,90,TRUE
14383,"Springfield Medical Centre",2023-08-25,"Clinic",101,64,140,90,TRUE
14383,"Springfield Medical Centre",2024-04-20,"Clinic",118,84,140,90,TRUE
14383,"Springfield Medical Centre",2024-08-13,"Clinic",137,72,140,90,TRUE
14383,"Springfield Medical Centre",2025-01-27,"Clinic",132,71,140,90,TRUE
14383,"Springfield Medical Centre",2025-06-26,"Clinic",139,69,140,90,TRUE
14383,"Springfield Medical Centre",2026-07-15,"Clinic",121,77,140,90,TRUE
14442,"Springfield Medical Centre",2021-07-20,"Clinic",124,66,140,90,TRUE
14442,"Springfield Medical Centre",2022-10-20,"Clinic",115,77,140,90,TRUE
14442,"Springfield Medical Centre",2023-03-16,"Clinic",122,78,140,90,TRUE
14442,"Springfield Medical Centre",2023-11-20,"Clinic",126,77,140,90,TRUE
14442,"Springfield Medical Centre",2024-01-20,"Clinic",137,87,140,90,TRUE
14442,"Springfield Medical Centre",2025-01-20,"Clinic",140,56,140,90,FALSE
14442,"Springfield Medical Centre",2025-03-20,"Clinic",151,66,140,90,FALSE
14442,"Springfield Medical Centre",2025-05-20,"Clinic",140,55,140,90,FALSE
14442,"Springfield Medical Centre",2025-08-29,"Clinic",161,57,140,90,FALSE
14442,"Springfield Medical Centre",2025-09-20,"Clinic",162,55,140,90,FALSE
14442,"Springfield Medical Centre",2025-11-20,"Clinic",147,70,140,90,FALSE
14442,"Springfield Medical Centre",2026-06-22,"Clinic",154,62,140,90,FALSE
14442,"Springfield Medical Centre",2026-09-20,"Clinic",143,54,140,90,FALSE
14602,"Springfield Medical Centre",2024-06-20,"Clinic",120,77,140,90,TRUE
14602,"Springfield Medical Centre",2026-08-20,"Clinic",152,92,140,90,FALSE
14602,"Springfield Medical Centre",2026-09-20,"Clinic",135,95,140,90,FALSE
14680,"Springfield Medical Centre",2024-08-19,"Clinic",137,85,140,90,TRUE
14680,"Springfield Medical Centre",2024-12-19,"Clinic",114,60,140,90,TRUE
14680,"Springfield Medical Centre",2024-12-19,"Clinic",120,60,140,90,TRUE
14680,"Springfield Medical Centre",2024-12-19,"Clinic",135,77,140,90,TRUE
14680,"Springfield Medical Centre",2024-12-20,"Clinic",179,91,140,90,FALSE
14680,"Springfield Medical Centre",2024-12-20,"Clinic",179,91,140,90,FALSE
14680,"Springfield Medical Centre",2025-12-15,"Clinic",130,76,140,90,TRUE
14680,"Springfield Medical Centre",2026-05-15,"Home",156,88,135,85,FALSE
14680,"Springfield Medical Centre",2026-05-15,"Clinic",128,75,140,90,TRUE
14680,"Springfield Medical Centre",2026-08-14,"Clinic",131,77,140,90,TRUE
14722,"Springfield Medical Centre",2026-02-19,"Clinic",125,74,140,90,TRUE
14974,"Springfield Medical Centre",2024-05-21,"Clinic",127,78,140,90,TRUE
14974,"Springfield Medical Centre",2024-06-25,"Clinic",103,66,140,90,TRUE
14974,"Springfield Medical Centre",2024-06-25,"Clinic",134,82,140,90,TRUE
14974,"Springfield Medical Centre",2024-08-20,"Clinic",132,84,140,90,TRUE
14974,"Springfield Medical Centre",2024-10-18,"Home",136,83,135,85,FALSE
14974,"Springfield Medical Centre",2025-02-19,"Clinic",150,82,140,90,FALSE
14974,"Springfield Medical Centre",2025-02-19,"Clinic",150,91,140,90,FALSE
14974,"Springfield Medical Centre",2025-02-28,"Home",128,78,135,85,TRUE
14974,"Springfield Medical Centre",2025-03-20,"Clinic",142,75,140,90,FALSE
14974,"Springfield Medical Centre",2026-03-27,"Clinic",170,85,140,90,FALSE
14974,"Springfield Medical Centre",2026-04-20,"Clinic",165,90,140,90,FALSE
14974,"Springfield Medical Centre",2026-05-20,"Clinic",167,83,140,90,FALSE
15053,"Springfield Medical Centre",2024-10-14,"Clinic",134,80,140,90,TRUE
500062,"Springfield Medical Centre",2022-07-26,"Clinic",114,78,140,90,TRUE
500062,"Springfield Medical Centre",2023-01-13,"Clinic",140,108,140,90,FALSE
500062,"Springfield Medical Centre",2023-07-20,"Clinic",116,85,140,90,TRUE
500062,"Springfield Medical Centre",2023-11-14,"Clinic",118,85,140,90,TRUE
500062,"Springfield Medical Centre",2024-11-20,"Clinic",134,94,140,90,FALSE
500062,"Springfield Medical Centre",2024-11-20,"Clinic",134,94,140,90,FALSE
500062,"Springfield Medical Centre",2024-12-17,"Clinic",134,90,140,90,FALSE
500062,"Springfield Medical Centre",2025-07-20,"Clinic",126,86,140,90,TRUE
500062,"Springfield Medical Centre",2026-04-24,"Clinic",114,78,140,90,TRUE
500165,"Springfield Medical Centre",2022-02-20,"Clinic",118,77,140,90,TRUE
500165,"Springfield Medical Centre",2022-08-19,"Clinic",115,73,140,90,TRUE
500165,"Springfield Medical Centre",2024-01-20,"Clinic",122,89,140,90,TRUE
500165,"Springfield Medical Centre",2024-09-20,"Clinic",140,85,140,90,FALSE
500165,"Springfield Medical Centre",2024-09-20,"Clinic",140,85,140,90,FALSE
500165,"Springfield Medical Centre",2024-10-28,"Clinic",146,91,140,90,FALSE
500165,"Springfield Medical Centre",2024-10-28,"Clinic",146,91,140,90,FALSE
500165,"Springfield Medical Centre",2025-05-20,"Clinic",150,102,140,90,FALSE
500181,"Springfield Medical Centre",2022-03-25,"Clinic",129,87,140,90,TRUE
500181,"Springfield Medical Centre",2022-07-20,"Clinic",125,80,140,90,TRUE
500181,"Springfield Medical Centre",2023-02-16,"Clinic",131,88,140,90,TRUE
500181,"Springfield Medical Centre",2023-09-28,"Clinic",130,90,140,90,FALSE
500181,"Springfield Medical Centre",2024-05-28,"Clinic",132,84,140,90,TRUE
500181,"Springfield Medical Centre",2025-02-27,"Clinic",140,100,140,90,FALSE
500181,"Springfield Medical Centre",2025-05-14,"Clinic",129,92,140,90,FALSE
500181,"Springfield Medical Centre",2025-05-20,"Clinic",128,86,140,90,TRUE
500181,"Springfield Medical Centre",2026-06-20,"Clinic",121,80,140,90,TRUE
500181,"Springfield Medical Centre",2026-07-29,"Clinic",112,78,140,90,TRUE
500367,"Springfield Medical Centre",2022-03-20,"Clinic",123,82,140,90,TRUE
500367,"Springfield Medical Centre",2022-08-20,"Clinic",127,75,140,90,TRUE
500367,"Springfield Medical Centre",2023-01-13,"Clinic",134,88,140,90,TRUE
500367,"Springfield Medical Centre",2024-07-20,"Clinic",143,81,140,90,FALSE
500367,"Springfield Medical Centre",2024-10-25,"Clinic",148,81,140,90,FALSE
500367,"Springfield Medical Centre",2025-06-20,"Clinic",127,74,140,90,TRUE
500367,"Springfield Medical Centre",2026-02-20,"Clinic",124,75,140,90,TRUE
500385,"Springfield Medical Centre",2026-05-28,"Clinic",132,88,140,90,TRUE
500488,"Springfield Medical Centre",2023-08-24,"Clinic",137,70,140,90,TRUE
500488,"Springfield Medical Centre",2024-01-20,"Clinic",164,78,140,90,FALSE
500488,"Springfield Medical Centre",2024-03-21,"Home",149,71,135,85,FALSE
500488,"Springfield Medical Centre",2024-04-18,"Home",139,71,135,85,FALSE
500488,"Springfield Medical Centre",2024-05-16,"Home",130,65,135,85,TRUE
500488,"Springfield Medical Centre",2024-11-22,"Clinic",144,60,140,90,FALSE
500488,"Springfield Medical Centre",2025-01-28,"Home",137,69,135,85,FALSE
500488,"Springfield Medical Centre",2025-05-20,"Clinic",138,70,140,90,TRUE
500488,"Springfield Medical Centre",2025-07-24,"Clinic",159,57,140,90,FALSE
500488,"Springfield Medical Centre",2026-04-20,"Clinic",133,75,140,90,TRUE
500488,"Springfield Medical Centre",2026-12-20,"Clinic",133,75,140,90,TRUE
500504,"Springfield Medical Centre",2023-10-26,"Clinic",125,71,140,90,TRUE
500504,"Springfield Medical Centre",2024-10-20,"Clinic",116,71,140,90,TRUE
500504,"Springfield Medical Centre",2024-11-20,"Clinic",116,68,140,90,TRUE
500504,"Springfield Medical Centre",2025-09-20,"Clinic",124,73,140,90,TRUE
500504,"Springfield Medical Centre",2026-02-20,"Clinic",119,76,140,90,TRUE
500504,"Springfield Medical Centre",2026-02-24,"Clinic",119,76,140,90,TRUE
500507,"Springfield Medical Centre",2022-05-16,"Clinic",128,64,140,90,TRUE
500548,"Springfield Medical Centre",2025-12-17,"Clinic",114,69,130,80,TRUE
500608,"Springfield Medical Centre",2023-12-20,"Clinic",139,87,140,90,TRUE
500608,"Springfield Medical Centre",2024-03-20,"Clinic",165,98,140,90,FALSE
500608,"Springfield Medical Centre",2025-02-26,"Clinic",121,86,140,90,TRUE
500608,"Springfield Medical Centre",2025-02-26,"Clinic",121,86,140,90,TRUE
500608,"Springfield Medical Centre",2025-04-20,"Clinic",156,99,140,90,FALSE
500608,"Springfield Medical Centre",2026-06-25,"Clinic",129,78,140,90,TRUE
500608,"Springfield Medical Centre",2026-11-20,"Clinic",179,114,140,90,FALSE
500803,"Springfield Medical Centre",2023-02-06,"Home",126,76,135,85,TRUE
500803,"Springfield Medical Centre",2025-01-14,"Clinic",153,93,140,90,FALSE
500803,"Springfield Medical Centre",2025-01-28,"Clinic",136,84,140,90,TRUE
500803,"Springfield Medical Centre",2025-09-16,"Clinic",164,94,140,90,FALSE
500803,"Springfield Medical Centre",2026-05-26,"Clinic",152,86,140,90,FALSE
500847,"Springfield Medical Centre",2025-08-18,"Home",133,72,135,85,TRUE
500847,"Springfield Medical Centre",2026-06-17,"Home",140,71,135,85,FALSE
500847,"Springfield Medical Centre",2026-06-17,"Clinic",140,71,140,90,FALSE
501166,"Springfield Medical Centre",2023-11-20,"Clinic",101,70,140,90,TRUE
501166,"Springfield Medical Centre",2025-02-25,"Clinic",120,73,140,90,TRUE
501166,"Springfield Medical Centre",2025-02-25,"Clinic",120,73,140,90,TRUE
501166,"Springfield Medical Centre",2025-05-27,"Clinic",116,78,140,90,TRUE
501166,"Springfield Medical Centre",2026-04-14,"Clinic",108,78,140,90,TRUE
501382,"Springfield Medical Centre",2021-03-20,"Clinic",135,89,140,90,TRUE
501382,"Springfield Medical Centre",2022-03-20,"Clinic",117,68,140,90,TRUE
501382,"Springfield Medical Centre",2022-04-20,"Clinic",143,103,140,90,FALSE
501382,"Springfield Medical Centre",2023-09-21,"Clinic",127,85,140,90,TRUE
501382,"Springfield Medical Centre",2024-08-20,"Clinic",137,85,140,90,TRUE
501382,"Springfield Medical Centre",2024-10-17,"Clinic",141,91,140,90,FALSE
501382,"Springfield Medical Centre",2024-10-25,"Clinic",128,72,140,90,TRUE
501382,"Springfield Medical Centre",2024-10-25,"Clinic",130,74,140,90,TRUE
501382,"Springfield Medical Centre",2024-10-25,"Clinic",144,87,140,90,FALSE
501382,"Springfield Medical Centre",2024-11-20,"Clinic",166,100,140,90,FALSE
501382,"Springfield Medical Centre",2025-01-20,"Clinic",134,88,140,90,TRUE
501382,"Springfield Medical Centre",2025-10-20,"Clinic",134,88,140,90,TRUE
501382,"Springfield Medical Centre",2026-04-20,"Clinic",151,100,140,90,FALSE
501475,"Springfield Medical Centre",2025-02-20,"Clinic",132,64,140,90,TRUE
501475,"Springfield Medical Centre",2025-07-20,"Clinic",151,74,140,90,FALSE
501475,"Springfield Medical Centre",2025-07-24,"Clinic",162,77,140,90,FALSE
501475,"Springfield Medical Centre",2026-01-26,"Clinic",157,93,140,90,FALSE
501475,"Springfield Medical Centre",2026-02-23,"Clinic",138,67,140,90,TRUE
501475,"Springfield Medical Centre",2026-04-24,"Clinic",154,84,140,90,FALSE
501475,"Springfield Medical Centre",2026-04-28,"Clinic",137,73,140,90,TRUE
501619,"Springfield Medical Centre",2025-11-20,"Clinic",134,90,140,90,FALSE
501619,"Springfield Medical Centre",2025-11-20,"Clinic",136,87,140,90,TRUE
501619,"Springfield Medical Centre",2025-11-20,"Clinic",150,93,140,90,FALSE
501619,"Springfield Medical Centre",2025-11-20,"Clinic",126,78,140,90,TRUE
501619,"Springfield Medical Centre",2026-04-15,"Clinic",154,86,140,90,FALSE
501619,"Springfield Medical Centre",2026-04-22,"Clinic",142,93,140,90,FALSE
501619,"Springfield Medical Centre",2026-07-20,"Clinic",166,97,140,90,FALSE
501619,"Springfield Medical Centre",2026-07-20,"Clinic",166,97,140,90,FALSE
501619,"Springfield Medical Centre",2026-11-20,"Clinic",134,78,140,90,TRUE
501636,"Springfield Medical Centre",2023-06-20,"Clinic",125,84,140,90,TRUE
501636,"Springfield Medical Centre",2024-09-20,"Clinic",157,99,140,90,FALSE
501636,"Springfield Medical Centre",2024-09-20,"Clinic",157,99,140,90,FALSE
501636,"Springfield Medical Centre",2024-09-20,"Clinic",157,99,140,90,FALSE
501636,"Springfield Medical Centre",2024-11-19,"Clinic",157,100,140,90,FALSE
501636,"Springfield Medical Centre",2024-11-26,"Clinic",149,89,140,90,FALSE
501636,"Springfield Medical Centre",2024-11-26,"Clinic",156,84,140,90,FALSE
501636,"Springfield Medical Centre",2024-11-26,"Clinic",157,91,140,90,FALSE
501636,"Springfield Medical Centre",2024-11-29,"Clinic",150,90,140,90,FALSE
501636,"Springfield Medical Centre",2024-11-29,"Clinic",151,97,140,90,FALSE
501636,"Springfield Medical Centre",2024-11-29,"Clinic",161,90,140,90,FALSE
501636,"Springfield Medical Centre",2025-06-20,"Clinic",139,90,140,90,FALSE
501636,"Springfield Medical Centre",2025-07-20,"Clinic",138,87,140,90,TRUE
501636,"Springfield Medical Centre",2025-11-20,"Clinic",149,90,140,90,FALSE
501636,"Springfield Medical Centre",2025-11-24,"Clinic",128,79,140,90,TRUE
501636,"Springfield Medical Centre",2026-04-20,"Clinic",150,91,140,90,FALSE
501636,"Springfield Medical Centre",2026-04-20,"Clinic",145,81,140,90,FALSE
501654,"Springfield Medical Centre",2022-08-18,"Clinic",117,68,140,90,TRUE
501654,"Springfield Medical Centre",2025-02-20,"Clinic",163,68,140,90,FALSE
501654,"Springfield Medical Centre",2026-02-20,"Clinic",162,69,140,90,FALSE
501654,"Springfield Medical Centre",2026-03-24,"Clinic",149,72,140,90,FALSE
501654,"Springfield Medical Centre",2026-06-25,"Clinic",134,66,140,90,TRUE
501654,"Springfield Medical Centre",2026-10-20,"Clinic",145,70,140,90,FALSE
501718,"Springfield Medical Centre",2022-02-14,"Clinic",130,79,140,90,TRUE
501718,"Springfield Medical Centre",2025-07-20,"Clinic",125,74,140,90,TRUE
501718,"Springfield Medical Centre",2025-09-20,"Clinic",128,90,140,90,FALSE
501718,"Springfield Medical Centre",2026-03-30,"Clinic",130,92,140,90,FALSE
501738,"Springfield Medical Centre",2024-08-20,"Clinic",120,58,140,90,TRUE
501738,"Springfield Medical Centre",2024-10-15,"Clinic",126,67,140,90,TRUE
501738,"Springfield Medical Centre",2024-12-27,"Clinic",106,59,140,90,TRUE
501738,"Springfield Medical Centre",2026-03-20,"Clinic",120,64,140,90,TRUE
501738,"Springfield Medical Centre",2026-04-20,"Clinic",120,60,140,90,TRUE
501804,"Springfield Medical Centre",2024-08-30,"Clinic",129,78,140,90,TRUE
501804,"Springfield Medical Centre",2024-10-20,"Clinic",129,78,140,90,TRUE
501804,"Springfield Medical Centre",2025-01-15,"Clinic",129,78,140,90,TRUE
501804,"Springfield Medical Centre",2025-03-20,"Clinic",136,96,140,90,FALSE
501804,"Springfield Medical Centre",2025-03-20,"Clinic",153,98,140,90,FALSE
501804,"Springfield Medical Centre",2025-10-20,"Home",125,60,135,85,TRUE
501804,"Springfield Medical Centre",2026-08-18,"Clinic",120,80,140,90,TRUE
501804,"Springfield Medical Centre",2026-11-20,"Clinic",143,90,140,90,FALSE
501837,"Springfield Medical Centre",2023-09-20,"Clinic",139,89,140,90,TRUE
501837,"Springfield Medical Centre",2023-10-31,"Clinic",125,77,140,90,TRUE
501837,"Springfield Medical Centre",2024-05-28,"Clinic",127,84,140,90,TRUE
501837,"Springfield Medical Centre",2025-04-20,"Clinic",135,90,140,90,FALSE
501837,"Springfield Medical Centre",2026-03-27,"Clinic",125,82,140,90,TRUE
501837,"Springfield Medical Centre",2026-04-20,"Clinic",125,82,140,90,TRUE
501837,"Springfield Medical Centre",2026-05-27,"Clinic",118,83,140,90,TRUE
501845,"Springfield Medical Centre",2023-04-20,"Clinic",122,70,140,90,TRUE
501845,"Springfield Medical Centre",2024-08-20,"Clinic",118,71,140,90,TRUE
501845,"Springfield Medical Centre",2025-05-31,"Clinic",125,71,140,90,TRUE
501845,"Springfield Medical Centre",2025-06-17,"Clinic",122,83,140,90,TRUE
501845,"Springfield Medical Centre",2025-12-17,"Clinic",119,74,140,90,TRUE
501845,"Springfield Medical Centre",2026-06-23,"Clinic",120,74,140,90,TRUE
501973,"Springfield Medical Centre",2022-02-20,"Clinic",130,76,140,90,TRUE
501973,"Springfield Medical Centre",2023-11-23,"Clinic",130,75,140,90,TRUE
501973,"Springfield Medical Centre",2024-08-20,"Clinic",132,66,140,90,TRUE
501973,"Springfield Medical Centre",2024-08-20,"Clinic",132,66,140,90,TRUE
501973,"Springfield Medical Centre",2024-08-20,"Clinic",162,91,140,90,FALSE
501973,"Springfield Medical Centre",2024-08-20,"Clinic",182,92,140,90,FALSE
501973,"Springfield Medical Centre",2024-08-20,"Clinic",183,91,140,90,FALSE
501973,"Springfield Medical Centre",2025-01-15,"Clinic",132,66,140,90,TRUE
501973,"Springfield Medical Centre",2025-07-20,"Clinic",177,95,140,90,FALSE
501973,"Springfield Medical Centre",2026-01-20,"Clinic",163,86,140,90,FALSE
501973,"Springfield Medical Centre",2026-09-20,"Home",134,75,135,85,TRUE
501981,"Springfield Medical Centre",2026-05-15,"Clinic",117,86,140,90,TRUE
501981,"Springfield Medical Centre",2026-08-20,"Clinic",114,85,140,90,TRUE
502107,"Springfield Medical Centre",2025-03-21,"Clinic",129,83,140,90,TRUE
502107,"Springfield Medical Centre",2025-03-21,"Clinic",129,83,140,90,TRUE
502107,"Springfield Medical Centre",2025-03-21,"Clinic",129,83,140,90,TRUE
502107,"Springfield Medical Centre",2025-12-20,"Clinic",159,91,140,90,FALSE
502107,"Springfield Medical Centre",2026-05-14,"Clinic",145,83,140,90,FALSE
502107,"Springfield Medical Centre",2026-05-20,"Clinic",166,88,140,90,FALSE
502107,"Springfield Medical Centre",2026-07-20,"Clinic",158,89,140,90,FALSE
502107,"Springfield Medical Centre",2026-08-15,"Clinic",146,86,140,90,FALSE
502107,"Springfield Medical Centre",2026-12-20,"Clinic",146,87,140,90,FALSE
502109,"Springfield Medical Centre",2024-08-20,"Clinic",123,84,140,90,TRUE
502109,"Springfield Medical Centre",2024-08-20,"Clinic",125,87,140,90,TRUE
502109,"Springfield Medical Centre",2024-08-20,"Clinic",134,85,140,90,TRUE
502109,"Springfield Medical Centre",2025-12-22,"Clinic",122,99,140,90,FALSE
502109,"Springfield Medical Centre",2026-04-16,"Clinic",137,103,140,90,FALSE
502175,"Springfield Medical Centre",2024-08-20,"Clinic",129,89,140,90,TRUE
502175,"Springfield Medical Centre",2024-08-20,"Clinic",117,87,140,90,TRUE
502175,"Springfield Medical Centre",2025-03-20,"Clinic",112,83,140,90,TRUE
502175,"Springfield Medical Centre",2025-05-20,"Clinic",136,90,140,90,FALSE
502175,"Springfield Medical Centre",2025-05-21,"Clinic",121,84,140,90,TRUE
502175,"Springfield Medical Centre",2025-12-20,"Clinic",136,92,140,90,FALSE
502175,"Springfield Medical Centre",2026-04-28,"Clinic",118,85,140,90,TRUE
502269,"Springfield Medical Centre",2024-01-15,"Clinic",137,78,140,90,TRUE
502269,"Springfield Medical Centre",2024-09-20,"Clinic",139,78,140,90,TRUE
502269,"Springfield Medical Centre",2024-10-19,"Clinic",130,71,140,90,TRUE
502269,"Springfield Medical Centre",2025-08-18,"Clinic",119,66,140,90,TRUE
502269,"Springfield Medical Centre",2025-09-20,"Clinic",148,83,140,90,FALSE
502269,"Springfield Medical Centre",2026-01-20,"Home",158,96,135,85,FALSE
502269,"Springfield Medical Centre",2026-04-13,"Clinic",150,80,140,90,FALSE
502269,"Springfield Medical Centre",2026-04-28,"Clinic",141,87,140,90,FALSE
502269,"Springfield Medical Centre",2026-06-23,"Clinic",146,87,140,90,FALSE
502269,"Springfield Medical Centre",2026-09-20,"Clinic",161,92,140,90,FALSE
502396,"Springfield Medical Centre",2021-12-13,"Clinic",129,79,140,90,TRUE
502396,"Springfield Medical Centre",2022-05-20,"Clinic",125,60,140,90,TRUE
502396,"Springfield Medical Centre",2024-05-24,"Clinic",135,82,140,90,TRUE
502396,"Springfield Medical Centre",2026-01-19,"Clinic",142,90,140,90,FALSE
502581,"Springfield Medical Centre",2024-07-30,"Clinic",121,65,140,90,TRUE
502581,"Springfield Medical Centre",2024-07-30,"Clinic",123,65,140,90,TRUE
502581,"Springfield Medical Centre",2024-07-30,"Clinic",126,62,140,90,TRUE
502581,"Springfield Medical Centre",2024-07-30,"Clinic",126,67,140,90,TRUE
502581,"Springfield Medical Centre",2024-07-30,"Clinic",134,68,140,90,TRUE
502581,"Springfield Medical Centre",2024-07-30,"Clinic",135,69,140,90,TRUE
502618,"Springfield Medical Centre",2023-03-23,"Clinic",115,80,140,90,TRUE
502618,"Springfield Medical Centre",2023-04-20,"Clinic",117,84,140,90,TRUE
502618,"Springfield Medical Centre",2023-04-20,"Clinic",117,84,140,90,TRUE
502618,"Springfield Medical Centre",2023-09-20,"Clinic",111,86,140,90,TRUE
502618,"Springfield Medical Centre",2024-02-14,"Clinic",125,88,140,90,TRUE
502618,"Springfield Medical Centre",2024-10-20,"Clinic",125,84,140,90,TRUE
502618,"Springfield Medical Centre",2025-03-19,"Clinic",129,84,140,90,TRUE
502618,"Springfield Medical Centre",2025-06-26,"Clinic",140,81,140,90,FALSE
502618,"Springfield Medical Centre",2025-12-20,"Clinic",129,82,140,90,TRUE
502618,"Springfield Medical Centre",2026-04-21,"Clinic",125,84,140,90,TRUE
502673,"Springfield Medical Centre",2025-12-23,"Clinic",135,86,140,90,TRUE
502673,"Springfield Medical Centre",2026-06-16,"Clinic",132,89,140,90,TRUE
502673,"Springfield Medical Centre",2026-07-20,"Clinic",126,82,140,90,TRUE
502787,"Springfield Medical Centre",2025-04-20,"Clinic",138,81,140,90,TRUE
502787,"Springfield Medical Centre",2025-09-16,"Clinic",147,88,140,90,FALSE
502787,"Springfield Medical Centre",2025-09-20,"Clinic",161,78,140,90,FALSE
502787,"Springfield Medical Centre",2025-09-26,"Home",147,88,135,85,FALSE
502787,"Springfield Medical Centre",2025-09-26,"Clinic",147,88,140,90,FALSE
502787,"Springfield Medical Centre",2025-10-20,"Clinic",157,97,140,90,FALSE
502787,"Springfield Medical Centre",2025-10-20,"Clinic",157,97,140,90,FALSE
502787,"Springfield Medical Centre",2025-10-20,"Clinic",157,97,140,90,FALSE
502787,"Springfield Medical Centre",2025-10-20,"Clinic",166,93,140,90,FALSE
502787,"Springfield Medical Centre",2025-12-23,"Home",146,85,135,85,FALSE
502787,"Springfield Medical Centre",2026-03-20,"Clinic",143,80,140,90,FALSE
502841,"Springfield Medical Centre",2026-03-20,"Clinic",123,88,140,90,TRUE
502847,"Springfield Medical Centre",2026-01-16,"Clinic",105,78,140,90,TRUE
502847,"Springfield Medical Centre",2026-03-25,"Clinic",126,93,140,90,FALSE
502847,"Springfield Medical Centre",2026-07-20,"Clinic",102,81,140,90,TRUE
502848,"Springfield Medical Centre",2022-06-23,"Home",86,80,135,85,TRUE
502848,"Springfield Medical Centre",2023-11-20,"Clinic",140,98,140,90,FALSE
502848,"Springfield Medical Centre",2024-07-25,"Clinic",139,88,140,90,TRUE
502848,"Springfield Medical Centre",2025-06-23,"Clinic",145,99,140,90,FALSE
502848,"Springfield Medical Centre",2025-07-20,"Clinic",149,93,140,90,FALSE
502900,"Springfield Medical Centre",2022-11-20,"Clinic",113,62,140,90,TRUE
502932,"Springfield Medical Centre",2024-12-20,"Clinic",138,89,140,90,TRUE
502932,"Springfield Medical Centre",2024-12-20,"Clinic",139,88,140,90,TRUE
502932,"Springfield Medical Centre",2026-07-22,"Clinic",153,95,140,90,FALSE
503018,"Springfield Medical Centre",2022-06-20,"Clinic",144,77,150,90,TRUE
503018,"Springfield Medical Centre",2022-08-23,"Home",168,68,145,85,FALSE
503018,"Springfield Medical Centre",2023-09-20,"Clinic",114,70,150,90,TRUE
503018,"Springfield Medical Centre",2024-06-18,"Clinic",146,65,150,90,TRUE
503018,"Springfield Medical Centre",2024-06-18,"Clinic",146,65,150,90,TRUE
503018,"Springfield Medical Centre",2025-01-20,"Clinic",134,46,150,90,TRUE
503018,"Springfield Medical Centre",2026-06-29,"Clinic",129,57,150,90,TRUE
503030,"Springfield Medical Centre",2025-06-17,"Clinic",118,86,140,90,TRUE
503030,"Springfield Medical Centre",2025-06-18,"Clinic",121,79,140,90,TRUE
503030,"Springfield Medical Centre",2025-10-20,"Clinic",150,108,140,90,FALSE
503030,"Springfield Medical Centre",2026-07-20,"Clinic",158,104,140,90,FALSE
503051,"Springfield Medical Centre",2024-04-16,"Clinic",129,89,140,90,TRUE
503051,"Springfield Medical Centre",2025-01-20,"Clinic",124,90,140,90,FALSE
503051,"Springfield Medical Centre",2025-06-25,"Clinic",122,96,140,90,FALSE
503051,"Springfield Medical Centre",2025-08-20,"Clinic",141,102,140,90,FALSE
503051,"Springfield Medical Centre",2025-10-30,"Clinic",129,90,140,90,FALSE
503051,"Springfield Medical Centre",2025-12-20,"Clinic",131,101,140,90,FALSE
503122,"Springfield Medical Centre",2025-01-20,"Clinic",130,80,140,90,TRUE
503122,"Springfield Medical Centre",2025-02-21,"Clinic",130,80,140,90,TRUE
503122,"Springfield Medical Centre",2026-09-20,"Clinic",166,103,140,90,FALSE
503147,"Springfield Medical Centre",2025-04-15,"Clinic",131,78,140,90,TRUE
503147,"Springfield Medical Centre",2026-02-20,"Clinic",139,87,140,90,TRUE
503147,"Springfield Medical Centre",2026-09-20,"Clinic",164,93,140,90,FALSE
503147,"Springfield Medical Centre",2026-12-20,"Clinic",148,81,140,90,FALSE
503210,"Springfield Medical Centre",2022-06-23,"Home",112,79,135,85,TRUE
503210,"Springfield Medical Centre",2023-09-20,"Clinic",177,106,140,90,FALSE
503210,"Springfield Medical Centre",2023-09-20,"Clinic",112,79,140,90,TRUE
503210,"Springfield Medical Centre",2023-09-20,"Clinic",143,88,140,90,FALSE
503210,"Springfield Medical Centre",2024-01-20,"Clinic",140,89,140,90,FALSE
503210,"Springfield Medical Centre",2024-10-29,"Clinic",118,88,140,90,TRUE
503210,"Springfield Medical Centre",2024-10-29,"Clinic",126,85,140,90,TRUE
503210,"Springfield Medical Centre",2026-07-20,"Home",152,87,135,85,FALSE
503210,"Springfield Medical Centre",2026-07-21,"Clinic",123,88,140,90,TRUE
503254,"Springfield Medical Centre",2022-01-20,"Clinic",134,83,140,90,TRUE
503254,"Springfield Medical Centre",2023-05-18,"Clinic",140,90,140,90,FALSE
503254,"Springfield Medical Centre",2023-10-20,"Clinic",147,93,140,90,FALSE
503254,"Springfield Medical Centre",2024-09-25,"Clinic",138,88,140,90,TRUE
503254,"Springfield Medical Centre",2024-11-20,"Clinic",134,101,140,90,FALSE
503254,"Springfield Medical Centre",2025-01-31,"Clinic",140,90,140,90,FALSE
503254,"Springfield Medical Centre",2025-04-20,"Clinic",136,90,140,90,FALSE
503254,"Springfield Medical Centre",2025-07-20,"Clinic",150,97,140,90,FALSE
503254,"Springfield Medical Centre",2025-07-20,"Clinic",150,97,140,90,FALSE
503254,"Springfield Medical Centre",2025-07-20,"Clinic",150,97,140,90,FALSE
503254,"Springfield Medical Centre",2025-07-20,"Clinic",150,97,140,90,FALSE
503254,"Springfield Medical Centre",2025-08-20,"Clinic",172,99,140,90,FALSE
503254,"Springfield Medical Centre",2025-10-20,"Clinic",155,100,140,90,FALSE
503254,"Springfield Medical Centre",2025-10-20,"Clinic",155,100,140,90,FALSE
503254,"Springfield Medical Centre",2025-12-20,"Clinic",133,93,140,90,FALSE
503254,"Springfield Medical Centre",2025-12-23,"Clinic",137,88,140,90,TRUE
503429,"Springfield Medical Centre",2022-07-20,"Clinic",124,82,140,90,TRUE
503429,"Springfield Medical Centre",2023-09-20,"Clinic",128,87,140,90,TRUE
503429,"Springfield Medical Centre",2024-01-31,"Clinic",119,77,140,90,TRUE
503429,"Springfield Medical Centre",2024-02-23,"Clinic",115,84,140,90,TRUE
503429,"Springfield Medical Centre",2025-01-23,"Clinic",118,87,140,90,TRUE
503429,"Springfield Medical Centre",2025-01-23,"Clinic",118,87,140,90,TRUE
503429,"Springfield Medical Centre",2026-11-20,"Clinic",110,74,140,90,TRUE
503753,"Springfield Medical Centre",2023-08-20,"Clinic",126,64,140,90,TRUE
503753,"Springfield Medical Centre",2023-10-20,"Clinic",146,82,140,90,FALSE
503753,"Springfield Medical Centre",2024-10-15,"Clinic",115,70,140,90,TRUE
503753,"Springfield Medical Centre",2024-10-15,"Clinic",128,84,140,90,TRUE
503753,"Springfield Medical Centre",2025-06-20,"Clinic",131,74,140,90,TRUE
503753,"Springfield Medical Centre",2025-07-28,"Clinic",124,70,140,90,TRUE
503753,"Springfield Medical Centre",2025-10-29,"Clinic",136,79,140,90,TRUE
503753,"Springfield Medical Centre",2026-04-20,"Clinic",130,67,140,90,TRUE
503753,"Springfield Medical Centre",2026-04-27,"Clinic",127,68,140,90,TRUE
503753,"Springfield Medical Centre",2026-10-20,"Clinic",130,67,140,90,TRUE
503786,"Springfield Medical Centre",2023-02-20,"Clinic",125,70,140,90,TRUE
503786,"Springfield Medical Centre",2023-04-25,"Clinic",152,66,140,90,FALSE
503786,"Springfield Medical Centre",2024-03-26,"Clinic",132,72,140,90,TRUE
503786,"Springfield Medical Centre",2024-03-26,"Clinic",132,72,140,90,TRUE
503786,"Springfield Medical Centre",2024-08-27,"Clinic",117,59,140,90,TRUE
503786,"Springfield Medical Centre",2024-08-27,"Clinic",124,68,140,90,TRUE
503786,"Springfield Medical Centre",2024-08-27,"Clinic",124,70,140,90,TRUE
503786,"Springfield Medical Centre",2025-01-20,"Clinic",149,63,140,90,FALSE
503786,"Springfield Medical Centre",2025-01-29,"Clinic",148,72,140,90,FALSE
503786,"Springfield Medical Centre",2025-02-18,"Clinic",139,68,140,90,TRUE
503786,"Springfield Medical Centre",2025-04-20,"Clinic",152,79,140,90,FALSE
503786,"Springfield Medical Centre",2025-04-20,"Clinic",152,79,140,90,FALSE
503786,"Springfield Medical Centre",2025-04-20,"Clinic",152,79,140,90,FALSE
503786,"Springfield Medical Centre",2025-04-20,"Clinic",152,79,140,90,FALSE
503786,"Springfield Medical Centre",2025-04-20,"Clinic",116,69,140,90,TRUE
503786,"Springfield Medical Centre",2025-06-20,"Clinic",147,68,140,90,FALSE
503786,"Springfield Medical Centre",2025-12-17,"Clinic",159,68,140,90,FALSE
503930,"Springfield Medical Centre",2023-09-29,"Clinic",119,84,140,90,TRUE
503930,"Springfield Medical Centre",2024-06-20,"Clinic",135,91,140,90,FALSE
503930,"Springfield Medical Centre",2025-10-13,"Clinic",141,85,140,90,FALSE
503930,"Springfield Medical Centre",2025-12-15,"Clinic",118,90,140,90,FALSE
503930,"Springfield Medical Centre",2026-03-20,"Clinic",121,86,140,90,TRUE
503930,"Springfield Medical Centre",2026-03-20,"Clinic",121,86,140,90,TRUE
504031,"Springfield Medical Centre",2025-05-13,"Clinic",120,86,140,90,TRUE
504031,"Springfield Medical Centre",2025-05-14,"Clinic",116,74,140,90,TRUE
504031,"Springfield Medical Centre",2025-10-31,"Clinic",128,87,140,90,TRUE
504031,"Springfield Medical Centre",2026-05-20,"Clinic",125,78,140,90,TRUE
504078,"Springfield Medical Centre",2025-06-20,"Clinic",115,80,140,90,TRUE
504229,"Springfield Medical Centre",2022-01-20,"Home",122,78,135,85,TRUE
504229,"Springfield Medical Centre",2022-05-20,"Clinic",115,75,140,90,TRUE
504229,"Springfield Medical Centre",2023-11-16,"Clinic",144,92,140,90,FALSE
504229,"Springfield Medical Centre",2024-02-13,"Clinic",137,86,140,90,TRUE
504229,"Springfield Medical Centre",2024-06-20,"Home",136,93,135,85,FALSE
504229,"Springfield Medical Centre",2024-10-17,"Clinic",153,90,140,90,FALSE
504229,"Springfield Medical Centre",2024-10-17,"Clinic",154,87,140,90,FALSE
504229,"Springfield Medical Centre",2024-10-17,"Clinic",166,89,140,90,FALSE
504229,"Springfield Medical Centre",2025-01-14,"Clinic",140,81,140,90,FALSE
504229,"Springfield Medical Centre",2025-01-16,"Clinic",127,86,140,90,TRUE
504229,"Springfield Medical Centre",2025-01-16,"Clinic",127,86,140,90,TRUE
504229,"Springfield Medical Centre",2025-01-16,"Clinic",127,86,140,90,TRUE
504229,"Springfield Medical Centre",2025-01-16,"Clinic",137,84,140,90,TRUE
504229,"Springfield Medical Centre",2025-01-16,"Clinic",146,86,140,90,FALSE
504229,"Springfield Medical Centre",2025-03-20,"Clinic",131,79,140,90,TRUE
504229,"Springfield Medical Centre",2025-06-26,"Clinic",128,71,140,90,TRUE
504229,"Springfield Medical Centre",2025-09-20,"Clinic",134,90,140,90,FALSE
504302,"Springfield Medical Centre",2021-11-22,"Clinic",122,87,140,90,TRUE
504302,"Springfield Medical Centre",2022-08-26,"Clinic",112,73,140,90,TRUE
504302,"Springfield Medical Centre",2023-12-20,"Clinic",128,97,140,90,FALSE
504302,"Springfield Medical Centre",2023-12-22,"Clinic",139,94,140,90,FALSE
504302,"Springfield Medical Centre",2024-02-22,"Clinic",135,87,140,90,TRUE
504302,"Springfield Medical Centre",2024-04-20,"Clinic",158,95,140,90,FALSE
504302,"Springfield Medical Centre",2024-07-26,"Clinic",131,81,140,90,TRUE
504302,"Springfield Medical Centre",2025-01-17,"Clinic",132,88,140,90,TRUE
504302,"Springfield Medical Centre",2025-01-17,"Clinic",136,87,140,90,TRUE
504302,"Springfield Medical Centre",2026-05-20,"Home",133,82,135,85,TRUE
504302,"Springfield Medical Centre",2026-07-20,"Clinic",132,89,140,90,TRUE
504429,"Springfield Medical Centre",2024-01-20,"Clinic",134,78,140,90,TRUE
504429,"Springfield Medical Centre",2024-12-30,"Clinic",125,82,140,90,TRUE
504429,"Springfield Medical Centre",2024-12-30,"Clinic",125,82,140,90,TRUE
504429,"Springfield Medical Centre",2026-04-20,"Clinic",127,86,140,90,TRUE
504429,"Springfield Medical Centre",2026-06-20,"Clinic",127,86,140,90,TRUE
504437,"Springfield Medical Centre",2021-05-20,"Clinic",116,74,140,90,TRUE
504437,"Springfield Medical Centre",2021-05-20,"Clinic",130,83,140,90,TRUE
504437,"Springfield Medical Centre",2021-08-20,"Clinic",129,78,140,90,TRUE
504437,"Springfield Medical Centre",2022-03-17,"Clinic",106,67,140,90,TRUE
504437,"Springfield Medical Centre",2023-08-24,"Clinic",95,64,140,90,TRUE
504437,"Springfield Medical Centre",2024-10-28,"Clinic",103,71,140,90,TRUE
504437,"Springfield Medical Centre",2025-06-16,"Clinic",109,77,140,90,TRUE
504437,"Springfield Medical Centre",2026-01-20,"Clinic",106,75,140,90,TRUE
504437,"Springfield Medical Centre",2026-06-29,"Clinic",104,66,140,90,TRUE
504484,"Springfield Medical Centre",2023-12-21,"Clinic",133,75,140,90,TRUE
504484,"Springfield Medical Centre",2024-05-30,"Clinic",136,72,140,90,TRUE
504484,"Springfield Medical Centre",2025-05-22,"Clinic",137,73,140,90,TRUE
504484,"Springfield Medical Centre",2026-07-15,"Clinic",154,79,140,90,FALSE
504484,"Springfield Medical Centre",2026-07-26,"Home",126,63,135,85,TRUE
504553,"Springfield Medical Centre",2023-06-22,"Clinic",139,80,140,90,TRUE
504553,"Springfield Medical Centre",2024-08-20,"Clinic",155,93,140,90,FALSE
504553,"Springfield Medical Centre",2024-08-20,"Clinic",155,93,140,90,FALSE
504553,"Springfield Medical Centre",2024-10-24,"Clinic",148,87,140,90,FALSE
504553,"Springfield Medical Centre",2024-10-24,"Clinic",148,87,140,90,FALSE
504553,"Springfield Medical Centre",2025-01-16,"Clinic",138,88,140,90,TRUE
504553,"Springfield Medical Centre",2025-01-16,"Clinic",140,88,140,90,FALSE
504553,"Springfield Medical Centre",2025-07-24,"Clinic",147,90,140,90,FALSE
504553,"Springfield Medical Centre",2026-02-27,"Clinic",149,88,140,90,FALSE
504553,"Springfield Medical Centre",2026-06-20,"Clinic",155,101,140,90,FALSE
504627,"Springfield Medical Centre",2024-08-29,"Clinic",105,68,140,90,TRUE
504627,"Springfield Medical Centre",2024-08-29,"Clinic",107,67,140,90,TRUE
504627,"Springfield Medical Centre",2025-01-20,"Clinic",125,88,140,90,TRUE
504627,"Springfield Medical Centre",2026-01-20,"Clinic",116,79,140,90,TRUE
504634,"Springfield Medical Centre",2022-06-22,"Clinic",123,79,140,90,TRUE
504634,"Springfield Medical Centre",2023-10-20,"Clinic",113,85,140,90,TRUE
504634,"Springfield Medical Centre",2024-04-25,"Clinic",105,87,140,90,TRUE
504634,"Springfield Medical Centre",2025-06-20,"Clinic",119,81,140,90,TRUE
504634,"Springfield Medical Centre",2025-07-20,"Clinic",120,79,140,90,TRUE
504634,"Springfield Medical Centre",2026-06-20,"Clinic",134,90,140,90,FALSE
504800,"Springfield Medical Centre",2022-07-20,"Clinic",129,80,140,90,TRUE
504800,"Springfield Medical Centre",2025-11-20,"Clinic",121,81,140,90,TRUE
504800,"Springfield Medical Centre",2025-11-20,"Clinic",110,80,140,90,TRUE
504800,"Springfield Medical Centre",2026-08-24,"Clinic",114,91,140,90,FALSE
504800,"Springfield Medical Centre",2026-08-24,"Clinic",119,89,140,90,TRUE
504818,"Springfield Medical Centre",2025-03-27,"Clinic",124,68,140,90,TRUE
504818,"Springfield Medical Centre",2025-11-20,"Clinic",140,73,140,90,FALSE
504818,"Springfield Medical Centre",2025-12-20,"Clinic",132,76,140,90,TRUE
504818,"Springfield Medical Centre",2025-12-20,"Clinic",149,75,140,90,FALSE
504818,"Springfield Medical Centre",2026-01-22,"Clinic",122,68,140,90,TRUE
504818,"Springfield Medical Centre",2026-02-20,"Clinic",135,74,140,90,TRUE
504818,"Springfield Medical Centre",2026-06-23,"Clinic",111,73,140,90,TRUE
504818,"Springfield Medical Centre",2026-08-18,"Clinic",143,80,140,90,FALSE
504818,"Springfield Medical Centre",2026-08-19,"Clinic",140,90,140,90,FALSE
504879,"Springfield Medical Centre",2023-12-20,"Clinic",136,86,140,90,TRUE
504902,"Springfield Medical Centre",2025-08-15,"Clinic",127,75,130,80,TRUE
504902,"Springfield Medical Centre",2025-11-20,"Clinic",135,90,130,80,FALSE
504902,"Springfield Medical Centre",2025-11-20,"Clinic",144,90,130,80,FALSE
504902,"Springfield Medical Centre",2026-01-20,"Clinic",135,85,130,80,FALSE
504902,"Springfield Medical Centre",2026-11-20,"Clinic",180,107,130,80,FALSE
504902,"Springfield Medical Centre",2026-11-20,"Clinic",180,107,130,80,FALSE
504902,"Springfield Medical Centre",2026-11-20,"Clinic",135,85,130,80,FALSE
504947,"Springfield Medical Centre",2026-07-28,"Clinic",127,86,140,90,TRUE
504947,"Springfield Medical Centre",2026-08-20,"Clinic",154,85,140,90,FALSE
504994,"Springfield Medical Centre",2026-04-22,"Clinic",131,75,140,90,TRUE
504994,"Springfield Medical Centre",2026-04-28,"Clinic",133,81,140,90,TRUE
504994,"Springfield Medical Centre",2026-04-29,"Clinic",140,82,140,90,FALSE
504994,"Springfield Medical Centre",2026-06-20,"Clinic",140,73,140,90,FALSE
505208,"Springfield Medical Centre",2025-02-17,"Clinic",134,67,140,90,TRUE
505208,"Springfield Medical Centre",2025-04-20,"Clinic",128,69,140,90,TRUE
505208,"Springfield Medical Centre",2025-07-24,"Clinic",120,73,140,90,TRUE
505208,"Springfield Medical Centre",2025-10-28,"Clinic",110,62,140,90,TRUE
505208,"Springfield Medical Centre",2025-11-20,"Clinic",111,52,140,90,TRUE
505208,"Springfield Medical Centre",2026-04-27,"Clinic",101,56,140,90,TRUE
505278,"Springfield Medical Centre",2024-06-24,"Clinic",138,61,150,90,TRUE
505278,"Springfield Medical Centre",2024-08-13,"Clinic",135,66,150,90,TRUE
505278,"Springfield Medical Centre",2024-09-20,"Clinic",136,76,150,90,TRUE
505278,"Springfield Medical Centre",2024-09-20,"Clinic",144,69,150,90,TRUE
505278,"Springfield Medical Centre",2024-09-26,"Clinic",126,70,150,90,TRUE
505278,"Springfield Medical Centre",2024-11-13,"Clinic",181,85,150,90,FALSE
505278,"Springfield Medical Centre",2024-11-13,"Clinic",181,85,150,90,FALSE
505278,"Springfield Medical Centre",2025-04-28,"Clinic",154,71,150,90,FALSE
505278,"Springfield Medical Centre",2025-05-21,"Clinic",136,76,150,90,TRUE
505278,"Springfield Medical Centre",2025-12-20,"Clinic",162,70,150,90,FALSE
505278,"Springfield Medical Centre",2026-06-17,"Clinic",140,64,150,90,TRUE
505278,"Springfield Medical Centre",2026-06-17,"Clinic",140,64,150,90,TRUE
505278,"Springfield Medical Centre",2026-07-20,"Clinic",174,83,150,90,FALSE
505334,"Springfield Medical Centre",2026-08-25,"Clinic",124,89,140,90,TRUE
505438,"Springfield Medical Centre",2023-04-20,"Clinic",168,94,140,90,FALSE
505438,"Springfield Medical Centre",2023-04-20,"Clinic",132,74,140,90,TRUE
505438,"Springfield Medical Centre",2023-09-22,"Clinic",134,86,140,90,TRUE
505438,"Springfield Medical Centre",2023-11-30,"Clinic",179,91,140,90,FALSE
505438,"Springfield Medical Centre",2024-09-27,"Clinic",138,86,140,90,TRUE
505438,"Springfield Medical Centre",2024-09-27,"Clinic",138,86,140,90,TRUE
505438,"Springfield Medical Centre",2025-08-20,"Clinic",138,83,140,90,TRUE
505438,"Springfield Medical Centre",2026-04-22,"Clinic",124,78,140,90,TRUE
505509,"Springfield Medical Centre",2024-03-26,"Clinic",139,83,140,90,TRUE
505509,"Springfield Medical Centre",2025-03-20,"Clinic",137,82,140,90,TRUE
505514,"Springfield Medical Centre",2025-01-17,"Clinic",126,73,140,90,TRUE
505514,"Springfield Medical Centre",2025-01-21,"Clinic",147,94,140,90,FALSE
505514,"Springfield Medical Centre",2025-04-20,"Home",146,86,135,85,FALSE
505514,"Springfield Medical Centre",2025-09-17,"Clinic",146,92,140,90,FALSE
505514,"Springfield Medical Centre",2025-10-20,"Clinic",152,101,140,90,FALSE
505514,"Springfield Medical Centre",2025-10-20,"Clinic",162,100,140,90,FALSE
505514,"Springfield Medical Centre",2025-10-20,"Clinic",167,98,140,90,FALSE
505514,"Springfield Medical Centre",2026-04-20,"Home",136,79,135,85,FALSE
505514,"Springfield Medical Centre",2026-04-20,"Clinic",136,79,140,90,TRUE
505575,"Springfield Medical Centre",2024-06-19,"Clinic",124,80,140,90,TRUE
505575,"Springfield Medical Centre",2024-11-21,"Clinic",127,75,140,90,TRUE
505575,"Springfield Medical Centre",2025-10-20,"Clinic",120,80,140,90,TRUE
505653,"Springfield Medical Centre",2021-11-16,"Clinic",121,89,140,90,TRUE
505653,"Springfield Medical Centre",2022-08-20,"Clinic",151,99,140,90,FALSE
505653,"Springfield Medical Centre",2023-11-28,"Clinic",142,94,140,90,FALSE
505653,"Springfield Medical Centre",2024-10-15,"Clinic",138,91,140,90,FALSE
505653,"Springfield Medical Centre",2024-10-15,"Clinic",142,87,140,90,FALSE
505653,"Springfield Medical Centre",2024-10-22,"Clinic",139,89,140,90,TRUE
505653,"Springfield Medical Centre",2025-01-23,"Clinic",150,96,140,90,FALSE
505653,"Springfield Medical Centre",2025-03-20,"Clinic",131,89,140,90,TRUE
505653,"Springfield Medical Centre",2025-10-20,"Clinic",149,104,140,90,FALSE
505653,"Springfield Medical Centre",2026-04-20,"Clinic",135,95,140,90,FALSE
505874,"Springfield Medical Centre",2022-02-14,"Clinic",131,73,140,90,TRUE
505874,"Springfield Medical Centre",2026-04-20,"Clinic",128,76,140,90,TRUE
505874,"Springfield Medical Centre",2026-12-20,"Clinic",128,76,140,90,TRUE
505936,"Springfield Medical Centre",2024-09-17,"Clinic",122,67,140,90,TRUE
505936,"Springfield Medical Centre",2025-08-20,"Clinic",126,84,140,90,TRUE
505939,"Springfield Medical Centre",2023-09-13,"Clinic",124,73,140,90,TRUE
505939,"Springfield Medical Centre",2023-09-13,"Clinic",124,73,140,90,TRUE
505939,"Springfield Medical Centre",2024-03-20,"Clinic",132,93,140,90,FALSE
505939,"Springfield Medical Centre",2024-10-15,"Clinic",128,88,140,90,TRUE
505939,"Springfield Medical Centre",2025-07-20,"Clinic",140,90,140,90,FALSE
505939,"Springfield Medical Centre",2026-04-15,"Clinic",139,92,140,90,FALSE
506003,"Springfield Medical Centre",2024-07-26,"Clinic",124,77,140,90,TRUE
506003,"Springfield Medical Centre",2025-08-20,"Clinic",130,80,140,90,TRUE
506003,"Springfield Medical Centre",2026-11-20,"Clinic",135,96,140,90,FALSE
506017,"Springfield Medical Centre",2024-04-20,"Clinic",129,87,140,90,TRUE
506017,"Springfield Medical Centre",2024-07-15,"Clinic",142,97,140,90,FALSE
506017,"Springfield Medical Centre",2024-07-22,"Clinic",129,97,140,90,FALSE
506017,"Springfield Medical Centre",2025-05-21,"Clinic",130,88,140,90,TRUE
506017,"Springfield Medical Centre",2025-10-15,"Clinic",136,85,140,90,TRUE
506017,"Springfield Medical Centre",2025-12-30,"Clinic",136,89,140,90,TRUE
506017,"Springfield Medical Centre",2026-07-29,"Clinic",115,81,140,90,TRUE
506024,"Springfield Medical Centre",2026-06-20,"Home",139,86,135,85,FALSE
506024,"Springfield Medical Centre",2026-06-20,"Clinic",139,86,140,90,TRUE
506062,"Springfield Medical Centre",2022-03-24,"Clinic",124,76,140,90,TRUE
506062,"Springfield Medical Centre",2023-02-16,"Clinic",140,80,140,90,FALSE
506062,"Springfield Medical Centre",2025-09-20,"Clinic",115,69,140,90,TRUE
506062,"Springfield Medical Centre",2025-09-20,"Clinic",115,69,140,90,TRUE
506062,"Springfield Medical Centre",2025-11-27,"Clinic",140,78,140,90,FALSE
506179,"Springfield Medical Centre",2023-10-26,"Clinic",134,67,140,90,TRUE
506179,"Springfield Medical Centre",2024-05-20,"Clinic",165,85,140,90,FALSE
506179,"Springfield Medical Centre",2024-05-20,"Clinic",165,85,140,90,FALSE
506179,"Springfield Medical Centre",2024-11-20,"Clinic",135,66,140,90,TRUE
506179,"Springfield Medical Centre",2026-01-20,"Clinic",113,104,140,90,FALSE
506179,"Springfield Medical Centre",2026-06-16,"Clinic",128,73,140,90,TRUE
506249,"Springfield Medical Centre",2024-08-20,"Clinic",117,70,140,90,TRUE
506374,"Springfield Medical Centre",2022-07-18,"Clinic",139,89,140,90,TRUE
506374,"Springfield Medical Centre",2023-09-20,"Clinic",121,83,140,90,TRUE
506374,"Springfield Medical Centre",2023-09-20,"Clinic",121,83,140,90,TRUE
506374,"Springfield Medical Centre",2024-08-13,"Clinic",105,81,140,90,TRUE
506374,"Springfield Medical Centre",2024-08-13,"Clinic",110,75,140,90,TRUE
506374,"Springfield Medical Centre",2025-06-16,"Clinic",131,90,140,90,FALSE
506495,"Springfield Medical Centre",2023-07-20,"Clinic",137,89,140,90,TRUE
506495,"Springfield Medical Centre",2024-01-23,"Clinic",144,94,140,90,FALSE
506499,"Springfield Medical Centre",2022-03-20,"Clinic",124,73,140,90,TRUE
506499,"Springfield Medical Centre",2023-03-20,"Clinic",142,90,140,90,FALSE
506499,"Springfield Medical Centre",2023-10-20,"Home",130,71,135,85,TRUE
506499,"Springfield Medical Centre",2023-12-20,"Clinic",132,70,140,90,TRUE
506499,"Springfield Medical Centre",2024-06-20,"Clinic",138,90,140,90,FALSE
506499,"Springfield Medical Centre",2025-01-31,"Clinic",168,101,140,90,FALSE
506499,"Springfield Medical Centre",2025-07-28,"Clinic",155,107,140,90,FALSE
506499,"Springfield Medical Centre",2026-07-15,"Clinic",121,79,140,90,TRUE
506539,"Springfield Medical Centre",2024-01-24,"Clinic",137,83,140,90,TRUE
506539,"Springfield Medical Centre",2024-10-31,"Clinic",124,82,140,90,TRUE
506539,"Springfield Medical Centre",2025-06-13,"Clinic",145,85,140,90,FALSE
506539,"Springfield Medical Centre",2025-08-15,"Clinic",160,100,140,90,FALSE
506539,"Springfield Medical Centre",2025-11-20,"Clinic",155,92,140,90,FALSE
506539,"Springfield Medical Centre",2025-12-19,"Home",155,92,135,85,FALSE
506539,"Springfield Medical Centre",2026-01-22,"Clinic",150,91,140,90,FALSE
506539,"Springfield Medical Centre",2026-01-23,"Clinic",173,88,140,90,FALSE
506539,"Springfield Medical Centre",2026-03-20,"Clinic",136,84,140,90,TRUE
506539,"Springfield Medical Centre",2026-03-20,"Clinic",136,84,140,90,TRUE
506539,"Springfield Medical Centre",2026-03-24,"Clinic",165,92,140,90,FALSE
506615,"Springfield Medical Centre",2023-02-15,"Clinic",125,86,140,90,TRUE
506615,"Springfield Medical Centre",2024-12-23,"Clinic",141,101,140,90,FALSE
506615,"Springfield Medical Centre",2024-12-23,"Clinic",151,101,140,90,FALSE
506615,"Springfield Medical Centre",2024-12-23,"Clinic",154,90,140,90,FALSE
506615,"Springfield Medical Centre",2025-04-15,"Clinic",129,85,140,90,TRUE
506615,"Springfield Medical Centre",2026-04-23,"Clinic",139,85,140,90,TRUE
506653,"Springfield Medical Centre",2026-07-15,"Clinic",127,74,140,90,TRUE
506653,"Springfield Medical Centre",2026-07-20,"Clinic",134,84,140,90,TRUE
506664,"Springfield Medical Centre",2021-04-20,"Clinic",96,69,140,90,TRUE
506664,"Springfield Medical Centre",2021-08-20,"Clinic",106,64,140,90,TRUE
506664,"Springfield Medical Centre",2022-05-27,"Clinic",96,82,140,90,TRUE
506664,"Springfield Medical Centre",2023-07-14,"Clinic",95,75,140,90,TRUE
506664,"Springfield Medical Centre",2024-07-17,"Clinic",98,70,140,90,TRUE
506664,"Springfield Medical Centre",2024-07-25,"Clinic",127,91,140,90,FALSE
506664,"Springfield Medical Centre",2024-09-18,"Clinic",120,86,140,90,TRUE
506664,"Springfield Medical Centre",2024-11-27,"Clinic",105,76,140,90,TRUE
506664,"Springfield Medical Centre",2025-02-20,"Clinic",128,87,140,90,TRUE
506664,"Springfield Medical Centre",2025-03-19,"Clinic",113,81,140,90,TRUE
506664,"Springfield Medical Centre",2025-03-20,"Clinic",112,86,140,90,TRUE
506664,"Springfield Medical Centre",2025-09-15,"Clinic",113,75,140,90,TRUE
506664,"Springfield Medical Centre",2025-10-20,"Clinic",128,93,140,90,FALSE
506664,"Springfield Medical Centre",2025-10-20,"Clinic",128,93,140,90,FALSE
506664,"Springfield Medical Centre",2026-04-22,"Clinic",100,79,140,90,TRUE
506723,"Springfield Medical Centre",2024-05-20,"Clinic",139,85,140,90,TRUE
506723,"Springfield Medical Centre",2024-06-25,"Clinic",131,90,140,90,FALSE
506723,"Springfield Medical Centre",2024-09-20,"Clinic",133,90,140,90,FALSE
506723,"Springfield Medical Centre",2024-12-27,"Clinic",148,100,140,90,FALSE
506723,"Springfield Medical Centre",2024-12-27,"Clinic",148,100,140,90,FALSE
506723,"Springfield Medical Centre",2024-12-27,"Clinic",148,103,140,90,FALSE
506723,"Springfield Medical Centre",2024-12-27,"Clinic",152,101,140,90,FALSE
506723,"Springfield Medical Centre",2025-01-23,"Clinic",140,70,140,90,FALSE
506723,"Springfield Medical Centre",2025-01-24,"Clinic",124,82,140,90,TRUE
506723,"Springfield Medical Centre",2025-05-21,"Clinic",128,86,140,90,TRUE
506723,"Springfield Medical Centre",2025-08-20,"Clinic",128,83,140,90,TRUE
506723,"Springfield Medical Centre",2026-01-28,"Clinic",126,87,140,90,TRUE
506723,"Springfield Medical Centre",2026-04-14,"Home",132,84,135,85,TRUE
506843,"Springfield Medical Centre",2025-12-19,"Clinic",124,87,140,90,TRUE
506843,"Springfield Medical Centre",2026-05-20,"Clinic",109,86,140,90,TRUE
506885,"Springfield Medical Centre",2026-12-20,"Clinic",116,76,140,90,TRUE
507005,"Springfield Medical Centre",2024-03-20,"Clinic",122,80,140,90,TRUE
507005,"Springfield Medical Centre",2026-01-22,"Clinic",133,93,140,90,FALSE
507087,"Springfield Medical Centre",2022-05-16,"Clinic",120,78,140,90,TRUE
507087,"Springfield Medical Centre",2022-06-20,"Clinic",126,83,140,90,TRUE
507087,"Springfield Medical Centre",2023-07-28,"Clinic",113,77,140,90,TRUE
507087,"Springfield Medical Centre",2024-08-29,"Clinic",152,96,140,90,FALSE
507087,"Springfield Medical Centre",2024-10-20,"Clinic",108,79,140,90,TRUE
507087,"Springfield Medical Centre",2024-10-20,"Clinic",112,79,140,90,TRUE
507087,"Springfield Medical Centre",2025-07-20,"Clinic",128,84,140,90,TRUE
507087,"Springfield Medical Centre",2025-10-20,"Clinic",113,80,140,90,TRUE
507087,"Springfield Medical Centre",2026-04-13,"Clinic",124,78,140,90,TRUE
507142,"Springfield Medical Centre",2024-10-24,"Clinic",138,84,140,90,TRUE
507142,"Springfield Medical Centre",2024-10-24,"Clinic",139,86,140,90,TRUE
507142,"Springfield Medical Centre",2024-10-24,"Clinic",140,84,140,90,FALSE
507142,"Springfield Medical Centre",2025-07-20,"Clinic",147,92,140,90,FALSE
507142,"Springfield Medical Centre",2025-11-24,"Clinic",134,93,140,90,FALSE
507198,"Springfield Medical Centre",2023-11-20,"Clinic",116,87,140,90,TRUE
507198,"Springfield Medical Centre",2024-02-20,"Clinic",133,87,140,90,TRUE
507198,"Springfield Medical Centre",2024-03-14,"Clinic",127,85,140,90,TRUE
507198,"Springfield Medical Centre",2024-08-20,"Clinic",107,78,140,90,TRUE
507198,"Springfield Medical Centre",2026-01-20,"Home",117,75,135,85,TRUE
507198,"Springfield Medical Centre",2026-07-15,"Home",108,77,135,85,TRUE
507351,"Springfield Medical Centre",2022-01-13,"Clinic",139,79,140,90,TRUE
507351,"Springfield Medical Centre",2022-10-20,"Clinic",130,71,140,90,TRUE
507351,"Springfield Medical Centre",2023-03-23,"Clinic",134,82,140,90,TRUE
507351,"Springfield Medical Centre",2023-06-30,"Clinic",140,74,140,90,FALSE
507351,"Springfield Medical Centre",2023-11-23,"Clinic",144,76,140,90,FALSE
507351,"Springfield Medical Centre",2023-11-29,"Clinic",140,76,140,90,FALSE
507351,"Springfield Medical Centre",2023-11-29,"Clinic",140,80,140,90,FALSE
507351,"Springfield Medical Centre",2024-07-20,"Clinic",127,83,140,90,TRUE
507351,"Springfield Medical Centre",2024-09-26,"Clinic",132,80,140,90,TRUE
507351,"Springfield Medical Centre",2024-09-26,"Clinic",132,80,140,90,TRUE
507351,"Springfield Medical Centre",2025-01-20,"Clinic",125,80,140,90,TRUE
507351,"Springfield Medical Centre",2025-03-28,"Clinic",125,72,140,90,TRUE
507424,"Springfield Medical Centre",2021-10-22,"Clinic",110,69,140,90,TRUE
507424,"Springfield Medical Centre",2021-10-22,"Clinic",114,68,140,90,TRUE
507424,"Springfield Medical Centre",2021-10-22,"Clinic",116,70,140,90,TRUE
507424,"Springfield Medical Centre",2022-03-28,"Clinic",136,70,140,90,TRUE
507424,"Springfield Medical Centre",2023-05-31,"Clinic",135,80,140,90,TRUE
507424,"Springfield Medical Centre",2023-12-20,"Clinic",164,84,140,90,FALSE
507424,"Springfield Medical Centre",2024-06-20,"Clinic",124,74,140,90,TRUE
507424,"Springfield Medical Centre",2024-08-20,"Clinic",134,76,140,90,TRUE
507424,"Springfield Medical Centre",2025-01-31,"Clinic",145,67,140,90,FALSE
507424,"Springfield Medical Centre",2025-01-31,"Clinic",145,67,140,90,FALSE
507424,"Springfield Medical Centre",2025-05-20,"Clinic",104,54,140,90,TRUE
507424,"Springfield Medical Centre",2025-05-20,"Clinic",118,59,140,90,TRUE
507424,"Springfield Medical Centre",2025-05-28,"Clinic",159,96,140,90,FALSE
507424,"Springfield Medical Centre",2025-05-28,"Clinic",187,89,140,90,FALSE
507424,"Springfield Medical Centre",2025-12-22,"Clinic",110,45,140,90,TRUE
507424,"Springfield Medical Centre",2026-05-28,"Clinic",114,72,140,90,TRUE
507495,"Springfield Medical Centre",2022-03-16,"Clinic",132,88,140,90,TRUE
507495,"Springfield Medical Centre",2022-10-20,"Clinic",115,73,140,90,TRUE
507495,"Springfield Medical Centre",2024-10-20,"Clinic",120,72,140,90,TRUE
507495,"Springfield Medical Centre",2025-12-20,"Clinic",128,83,140,90,TRUE
507537,"Springfield Medical Centre",2023-11-20,"Clinic",117,65,140,90,TRUE
507537,"Springfield Medical Centre",2024-07-20,"Clinic",136,83,140,90,TRUE
507537,"Springfield Medical Centre",2024-07-20,"Clinic",139,82,140,90,TRUE
507537,"Springfield Medical Centre",2024-07-20,"Clinic",141,84,140,90,FALSE
507537,"Springfield Medical Centre",2024-08-19,"Clinic",136,83,140,90,TRUE
507537,"Springfield Medical Centre",2024-08-19,"Clinic",136,85,140,90,TRUE
507537,"Springfield Medical Centre",2024-08-19,"Clinic",146,80,140,90,FALSE
507537,"Springfield Medical Centre",2024-08-21,"Clinic",125,67,140,90,TRUE
507537,"Springfield Medical Centre",2024-08-22,"Clinic",140,79,140,90,FALSE
507537,"Springfield Medical Centre",2024-12-16,"Clinic",149,80,140,90,FALSE
507537,"Springfield Medical Centre",2024-12-16,"Clinic",150,80,140,90,FALSE
507537,"Springfield Medical Centre",2024-12-16,"Clinic",153,82,140,90,FALSE
507537,"Springfield Medical Centre",2024-12-30,"Clinic",128,83,140,90,TRUE
507537,"Springfield Medical Centre",2025-01-23,"Clinic",115,63,140,90,TRUE
507537,"Springfield Medical Centre",2025-01-31,"Clinic",119,74,140,90,TRUE
507537,"Springfield Medical Centre",2025-02-20,"Clinic",131,87,140,90,TRUE
507537,"Springfield Medical Centre",2025-04-22,"Clinic",132,82,140,90,TRUE
507537,"Springfield Medical Centre",2025-06-17,"Clinic",121,71,140,90,TRUE
507537,"Springfield Medical Centre",2025-07-31,"Clinic",120,71,140,90,TRUE
507537,"Springfield Medical Centre",2025-08-22,"Clinic",119,67,140,90,TRUE
507537,"Springfield Medical Centre",2026-04-27,"Clinic",135,76,140,90,TRUE
507537,"Springfield Medical Centre",2026-07-24,"Clinic",108,70,140,90,TRUE
507620,"Springfield Medical Centre",2021-10-22,"Clinic",138,76,140,90,TRUE
507620,"Springfield Medical Centre",2022-08-17,"Clinic",137,76,140,90,TRUE
507620,"Springfield Medical Centre",2024-08-22,"Clinic",140,90,140,90,FALSE
507620,"Springfield Medical Centre",2025-01-20,"Clinic",128,76,140,90,TRUE
507620,"Springfield Medical Centre",2025-04-20,"Clinic",133,80,140,90,TRUE
507620,"Springfield Medical Centre",2026-02-20,"Clinic",140,80,140,90,FALSE
507639,"Springfield Medical Centre",2022-01-21,"Clinic",128,74,140,90,TRUE
507639,"Springfield Medical Centre",2024-07-20,"Clinic",123,61,140,90,TRUE
507639,"Springfield Medical Centre",2024-07-20,"Clinic",123,61,140,90,TRUE
507757,"Springfield Medical Centre",2023-12-13,"Clinic",128,80,140,90,TRUE
507757,"Springfield Medical Centre",2024-12-19,"Clinic",128,80,140,90,TRUE
507757,"Springfield Medical Centre",2025-02-13,"Clinic",145,99,140,90,FALSE
507757,"Springfield Medical Centre",2025-04-20,"Home",128,78,135,85,TRUE
507757,"Springfield Medical Centre",2025-06-20,"Clinic",128,78,140,90,TRUE
507757,"Springfield Medical Centre",2026-04-13,"Home",128,78,135,85,TRUE
507792,"Springfield Medical Centre",2025-11-20,"Clinic",136,82,140,90,TRUE
507792,"Springfield Medical Centre",2026-04-22,"Clinic",149,83,140,90,FALSE
507874,"Springfield Medical Centre",2024-11-22,"Clinic",127,74,140,90,TRUE
508043,"Springfield Medical Centre",2022-02-21,"Clinic",128,80,140,90,TRUE
508043,"Springfield Medical Centre",2023-04-20,"Clinic",126,83,140,90,TRUE
508043,"Springfield Medical Centre",2024-04-20,"Clinic",127,86,140,90,TRUE
508043,"Springfield Medical Centre",2024-04-20,"Clinic",127,86,140,90,TRUE
508043,"Springfield Medical Centre",2024-10-31,"Clinic",117,75,140,90,TRUE
508043,"Springfield Medical Centre",2025-09-20,"Clinic",124,86,140,90,TRUE
508043,"Springfield Medical Centre",2026-07-20,"Clinic",121,81,140,90,TRUE
508043,"Springfield Medical Centre",2026-07-20,"Clinic",124,78,140,90,TRUE
508106,"Springfield Medical Centre",2023-07-18,"Clinic",123,69,140,90,TRUE
508106,"Springfield Medical Centre",2024-06-24,"Clinic",115,76,140,90,TRUE
508106,"Springfield Medical Centre",2024-12-20,"Clinic",162,70,140,90,FALSE
508106,"Springfield Medical Centre",2025-08-20,"Clinic",131,78,140,90,TRUE
508106,"Springfield Medical Centre",2025-08-20,"Clinic",131,78,140,90,TRUE
508386,"Springfield Medical Centre",2022-09-20,"Clinic",133,77,140,90,TRUE
508386,"Springfield Medical Centre",2025-04-17,"Clinic",160,88,140,90,FALSE
508386,"Springfield Medical Centre",2025-04-20,"Home",154,87,135,85,FALSE
508386,"Springfield Medical Centre",2025-07-20,"Clinic",207,119,140,90,FALSE
508386,"Springfield Medical Centre",2026-04-21,"Clinic",196,113,140,90,FALSE
508386,"Springfield Medical Centre",2026-08-24,"Clinic",177,94,140,90,FALSE
508495,"Springfield Medical Centre",2022-09-29,"Clinic",120,66,140,90,TRUE
508495,"Springfield Medical Centre",2022-11-20,"Clinic",120,70,140,90,TRUE
508495,"Springfield Medical Centre",2022-11-20,"Clinic",124,78,140,90,TRUE
508495,"Springfield Medical Centre",2025-01-28,"Clinic",134,86,140,90,TRUE
508495,"Springfield Medical Centre",2025-01-28,"Clinic",134,86,140,90,TRUE
508495,"Springfield Medical Centre",2025-12-24,"Clinic",125,88,140,90,TRUE
508495,"Springfield Medical Centre",2026-03-20,"Clinic",117,68,140,90,TRUE
508810,"Springfield Medical Centre",2025-02-20,"Clinic",146,96,140,90,FALSE
508810,"Springfield Medical Centre",2025-02-20,"Clinic",120,82,140,90,TRUE
508810,"Springfield Medical Centre",2025-02-20,"Clinic",152,92,140,90,FALSE
508810,"Springfield Medical Centre",2025-04-20,"Clinic",171,93,140,90,FALSE
508810,"Springfield Medical Centre",2025-10-16,"Clinic",142,89,140,90,FALSE
508810,"Springfield Medical Centre",2026-02-20,"Clinic",159,98,140,90,FALSE
508892,"Springfield Medical Centre",2022-06-16,"Clinic",128,86,140,90,TRUE
508892,"Springfield Medical Centre",2022-09-20,"Clinic",126,84,140,90,TRUE
508892,"Springfield Medical Centre",2022-12-22,"Clinic",129,84,140,90,TRUE
508892,"Springfield Medical Centre",2024-01-30,"Clinic",160,100,140,90,FALSE
508892,"Springfield Medical Centre",2024-02-23,"Clinic",139,88,140,90,TRUE
508892,"Springfield Medical Centre",2024-02-23,"Clinic",140,89,140,90,FALSE
508892,"Springfield Medical Centre",2024-04-20,"Clinic",149,98,140,90,FALSE
508892,"Springfield Medical Centre",2024-05-20,"Clinic",128,90,140,90,FALSE
508892,"Springfield Medical Centre",2024-05-20,"Clinic",128,90,140,90,FALSE
508892,"Springfield Medical Centre",2025-06-20,"Clinic",106,79,140,90,TRUE
508892,"Springfield Medical Centre",2025-08-21,"Clinic",117,72,140,90,TRUE
508892,"Springfield Medical Centre",2026-04-27,"Home",116,69,135,85,TRUE
508908,"Springfield Medical Centre",2022-09-16,"Clinic",115,73,140,90,TRUE
508908,"Springfield Medical Centre",2022-09-20,"Clinic",115,73,140,90,TRUE
508908,"Springfield Medical Centre",2023-04-20,"Clinic",108,73,140,90,TRUE
508908,"Springfield Medical Centre",2023-09-20,"Clinic",117,86,140,90,TRUE
508908,"Springfield Medical Centre",2023-12-20,"Clinic",124,89,140,90,TRUE
508908,"Springfield Medical Centre",2024-02-13,"Clinic",111,77,140,90,TRUE
508908,"Springfield Medical Centre",2024-03-20,"Clinic",124,80,140,90,TRUE
508908,"Springfield Medical Centre",2024-08-28,"Clinic",119,88,140,90,TRUE
508908,"Springfield Medical Centre",2024-08-28,"Clinic",122,90,140,90,FALSE
508908,"Springfield Medical Centre",2024-08-28,"Clinic",127,84,140,90,TRUE
508908,"Springfield Medical Centre",2024-11-20,"Clinic",120,79,140,90,TRUE
508908,"Springfield Medical Centre",2025-01-14,"Clinic",117,68,140,90,TRUE
508908,"Springfield Medical Centre",2025-01-23,"Clinic",101,72,140,90,TRUE
508908,"Springfield Medical Centre",2025-08-20,"Clinic",118,83,140,90,TRUE
508908,"Springfield Medical Centre",2026-02-20,"Clinic",105,64,140,90,TRUE
508988,"Springfield Medical Centre",2025-05-20,"Clinic",115,60,140,90,TRUE
509004,"Springfield Medical Centre",2023-12-28,"Clinic",138,88,140,90,TRUE
509004,"Springfield Medical Centre",2024-06-20,"Clinic",153,102,140,90,FALSE
509004,"Springfield Medical Centre",2024-06-20,"Clinic",158,100,140,90,FALSE
509004,"Springfield Medical Centre",2024-06-20,"Clinic",168,99,140,90,FALSE
509004,"Springfield Medical Centre",2024-07-16,"Clinic",147,96,140,90,FALSE
509004,"Springfield Medical Centre",2024-07-16,"Clinic",147,96,140,90,FALSE
509004,"Springfield Medical Centre",2024-08-13,"Clinic",143,90,140,90,FALSE
509004,"Springfield Medical Centre",2024-09-19,"Clinic",154,88,140,90,FALSE
509004,"Springfield Medical Centre",2024-12-16,"Clinic",161,100,140,90,FALSE
509004,"Springfield Medical Centre",2024-12-16,"Clinic",161,103,140,90,FALSE
509004,"Springfield Medical Centre",2024-12-16,"Clinic",162,100,140,90,FALSE
509004,"Springfield Medical Centre",2025-02-20,"Clinic",164,95,140,90,FALSE
509004,"Springfield Medical Centre",2025-03-14,"Clinic",147,93,140,90,FALSE
509004,"Springfield Medical Centre",2025-03-21,"Clinic",127,76,140,90,TRUE
509004,"Springfield Medical Centre",2025-03-21,"Clinic",133,75,140,90,TRUE
509004,"Springfield Medical Centre",2025-05-20,"Clinic",161,95,140,90,FALSE
509004,"Springfield Medical Centre",2026-01-16,"Clinic",152,90,140,90,FALSE
509004,"Springfield Medical Centre",2026-01-20,"Clinic",137,83,140,90,TRUE
509004,"Springfield Medical Centre",2026-01-30,"Clinic",162,102,140,90,FALSE
509004,"Springfield Medical Centre",2026-02-17,"Clinic",166,94,140,90,FALSE
509122,"Springfield Medical Centre",2024-03-18,"Clinic",114,71,140,90,TRUE
509122,"Springfield Medical Centre",2024-09-23,"Clinic",130,86,140,90,TRUE
509122,"Springfield Medical Centre",2025-07-20,"Clinic",137,86,140,90,TRUE
509122,"Springfield Medical Centre",2025-07-20,"Clinic",137,86,140,90,TRUE
509122,"Springfield Medical Centre",2025-07-24,"Clinic",121,90,140,90,FALSE
509236,"Springfield Medical Centre",2021-01-20,"Clinic",138,77,140,90,TRUE
509236,"Springfield Medical Centre",2021-08-20,"Clinic",158,86,140,90,FALSE
509236,"Springfield Medical Centre",2021-09-24,"Clinic",146,75,140,90,FALSE
509236,"Springfield Medical Centre",2021-11-29,"Clinic",151,75,140,90,FALSE
509236,"Springfield Medical Centre",2021-11-30,"Clinic",135,75,140,90,TRUE
509236,"Springfield Medical Centre",2022-03-20,"Clinic",144,76,140,90,FALSE
509236,"Springfield Medical Centre",2022-03-21,"Clinic",181,78,140,90,FALSE
509236,"Springfield Medical Centre",2022-03-21,"Clinic",181,78,140,90,FALSE
509236,"Springfield Medical Centre",2022-06-14,"Clinic",168,82,140,90,FALSE
509236,"Springfield Medical Centre",2022-06-23,"Clinic",159,76,140,90,FALSE
509236,"Springfield Medical Centre",2022-12-20,"Clinic",169,83,140,90,FALSE
509236,"Springfield Medical Centre",2022-12-20,"Clinic",169,83,140,90,FALSE
509236,"Springfield Medical Centre",2023-04-20,"Clinic",157,82,140,90,FALSE
509236,"Springfield Medical Centre",2023-04-20,"Clinic",157,82,140,90,FALSE
509236,"Springfield Medical Centre",2024-06-19,"Clinic",136,76,140,90,TRUE
509236,"Springfield Medical Centre",2024-06-19,"Clinic",136,76,140,90,TRUE
509236,"Springfield Medical Centre",2024-06-20,"Clinic",140,80,140,90,FALSE
509236,"Springfield Medical Centre",2024-08-29,"Clinic",137,77,140,90,TRUE
509236,"Springfield Medical Centre",2024-11-20,"Clinic",127,69,140,90,TRUE
509236,"Springfield Medical Centre",2024-12-20,"Clinic",139,88,140,90,TRUE
509236,"Springfield Medical Centre",2025-06-20,"Clinic",134,67,140,90,TRUE
509236,"Springfield Medical Centre",2026-03-26,"Clinic",170,96,140,90,FALSE
509236,"Springfield Medical Centre",2026-05-20,"Clinic",130,70,140,90,TRUE
509291,"Springfield Medical Centre",2024-09-30,"Clinic",110,72,140,90,TRUE
509291,"Springfield Medical Centre",2024-09-30,"Clinic",112,64,140,90,TRUE
509291,"Springfield Medical Centre",2024-09-30,"Clinic",113,75,140,90,TRUE
509291,"Springfield Medical Centre",2025-10-29,"Clinic",125,81,140,90,TRUE
509291,"Springfield Medical Centre",2026-06-23,"Clinic",100,68,140,90,TRUE
509367,"Springfield Medical Centre",2022-03-29,"Clinic",132,77,140,90,TRUE
509367,"Springfield Medical Centre",2023-06-30,"Clinic",124,83,140,90,TRUE
509367,"Springfield Medical Centre",2024-03-20,"Clinic",124,85,140,90,TRUE
509367,"Springfield Medical Centre",2025-01-20,"Clinic",130,79,140,90,TRUE
509367,"Springfield Medical Centre",2026-04-29,"Clinic",133,86,140,90,TRUE
509373,"Springfield Medical Centre",2024-02-20,"Clinic",130,75,140,90,TRUE
509373,"Springfield Medical Centre",2024-03-20,"Clinic",157,76,140,90,FALSE
509418,"Springfield Medical Centre",2021-05-20,"Clinic",139,77,140,90,TRUE
509418,"Springfield Medical Centre",2023-02-20,"Clinic",163,92,140,90,FALSE
509418,"Springfield Medical Centre",2023-07-20,"Clinic",144,81,140,90,FALSE
509418,"Springfield Medical Centre",2023-08-15,"Clinic",186,109,140,90,FALSE
509418,"Springfield Medical Centre",2023-08-20,"Clinic",138,76,140,90,TRUE
509418,"Springfield Medical Centre",2023-09-20,"Clinic",151,90,140,90,FALSE
509418,"Springfield Medical Centre",2023-12-19,"Clinic",128,90,140,90,FALSE
509418,"Springfield Medical Centre",2024-01-18,"Clinic",128,82,140,90,TRUE
509418,"Springfield Medical Centre",2024-01-25,"Clinic",156,99,140,90,FALSE
509418,"Springfield Medical Centre",2024-03-19,"Clinic",106,78,140,90,TRUE
509418,"Springfield Medical Centre",2024-04-20,"Clinic",144,78,140,90,FALSE
509418,"Springfield Medical Centre",2024-12-20,"Clinic",135,86,140,90,TRUE
509418,"Springfield Medical Centre",2025-04-20,"Clinic",140,84,140,90,FALSE
509418,"Springfield Medical Centre",2025-07-14,"Clinic",144,88,140,90,FALSE
509418,"Springfield Medical Centre",2025-09-20,"Clinic",140,83,140,90,FALSE
509418,"Springfield Medical Centre",2026-04-29,"Clinic",147,93,140,90,FALSE
509418,"Springfield Medical Centre",2026-05-20,"Clinic",178,101,140,90,FALSE
509418,"Springfield Medical Centre",2026-05-27,"Clinic",128,86,140,90,TRUE
509418,"Springfield Medical Centre",2026-11-20,"Clinic",181,114,140,90,FALSE
509425,"Springfield Medical Centre",2021-09-20,"Clinic",134,84,140,90,TRUE
509425,"Springfield Medical Centre",2022-01-20,"Clinic",134,82,140,90,TRUE
509425,"Springfield Medical Centre",2022-01-31,"Clinic",136,85,140,90,TRUE
509425,"Springfield Medical Centre",2022-02-20,"Clinic",135,80,140,90,TRUE
509425,"Springfield Medical Centre",2022-03-20,"Clinic",133,80,140,90,TRUE
509425,"Springfield Medical Centre",2022-04-26,"Clinic",142,83,140,90,FALSE
509425,"Springfield Medical Centre",2022-05-20,"Clinic",140,92,140,90,FALSE
509425,"Springfield Medical Centre",2022-06-22,"Clinic",125,86,140,90,TRUE
509425,"Springfield Medical Centre",2022-06-22,"Clinic",131,90,140,90,FALSE
509425,"Springfield Medical Centre",2022-06-22,"Clinic",138,93,140,90,FALSE
509425,"Springfield Medical Centre",2022-07-20,"Clinic",136,95,140,90,FALSE
509425,"Springfield Medical Centre",2022-08-20,"Clinic",126,76,140,90,TRUE
509425,"Springfield Medical Centre",2023-03-31,"Clinic",130,83,140,90,TRUE
509425,"Springfield Medical Centre",2023-05-20,"Clinic",132,82,140,90,TRUE
509425,"Springfield Medical Centre",2023-09-14,"Clinic",128,91,140,90,FALSE
509425,"Springfield Medical Centre",2024-12-20,"Clinic",144,85,140,90,FALSE
509425,"Springfield Medical Centre",2024-12-20,"Clinic",150,89,140,90,FALSE
509425,"Springfield Medical Centre",2025-01-14,"Clinic",133,88,140,90,TRUE
509425,"Springfield Medical Centre",2025-04-20,"Clinic",132,78,140,90,TRUE
509425,"Springfield Medical Centre",2025-04-22,"Clinic",115,83,140,90,TRUE
509425,"Springfield Medical Centre",2025-05-13,"Clinic",136,85,140,90,TRUE
509425,"Springfield Medical Centre",2026-01-20,"Clinic",125,86,140,90,TRUE
509425,"Springfield Medical Centre",2026-08-20,"Clinic",121,75,140,90,TRUE
509481,"Springfield Medical Centre",2024-05-20,"Clinic",138,88,140,90,TRUE
509506,"Springfield Medical Centre",2023-02-20,"Clinic",138,87,140,90,TRUE
509506,"Springfield Medical Centre",2023-08-29,"Clinic",135,82,140,90,TRUE
509542,"Springfield Medical Centre",2023-07-20,"Clinic",133,83,140,90,TRUE
509542,"Springfield Medical Centre",2023-12-20,"Clinic",161,105,140,90,FALSE
509542,"Springfield Medical Centre",2023-12-20,"Clinic",161,105,140,90,FALSE
509542,"Springfield Medical Centre",2024-01-25,"Clinic",154,88,140,90,FALSE
509542,"Springfield Medical Centre",2024-08-27,"Clinic",140,88,140,90,FALSE
509542,"Springfield Medical Centre",2025-05-27,"Clinic",137,96,140,90,FALSE
509542,"Springfield Medical Centre",2025-05-30,"Clinic",137,88,140,90,TRUE
509542,"Springfield Medical Centre",2026-01-20,"Clinic",140,80,140,90,FALSE
509542,"Springfield Medical Centre",2026-08-24,"Clinic",167,104,140,90,FALSE
509759,"Springfield Medical Centre",2025-06-17,"Clinic",132,82,140,90,TRUE
509854,"Springfield Medical Centre",2025-01-20,"Clinic",120,60,140,90,TRUE
509854,"Springfield Medical Centre",2025-12-20,"Clinic",120,60,140,90,TRUE
509854,"Springfield Medical Centre",2025-12-20,"Clinic",120,60,140,90,TRUE
509854,"Springfield Medical Centre",2026-07-14,"Clinic",133,71,140,90,TRUE
509854,"Springfield Medical Centre",2026-08-20,"Clinic",153,74,140,90,FALSE
509859,"Springfield Medical Centre",2021-12-13,"Clinic",136,80,140,90,TRUE
509859,"Springfield Medical Centre",2021-12-13,"Clinic",143,81,140,90,FALSE
509859,"Springfield Medical Centre",2023-06-20,"Clinic",130,80,140,90,TRUE
509859,"Springfield Medical Centre",2024-03-15,"Clinic",127,79,140,90,TRUE
509859,"Springfield Medical Centre",2024-11-13,"Clinic",133,88,140,90,TRUE
509859,"Springfield Medical Centre",2025-04-24,"Clinic",134,82,140,90,TRUE
509905,"Springfield Medical Centre",2024-09-30,"Clinic",114,76,140,90,TRUE
509905,"Springfield Medical Centre",2024-09-30,"Clinic",116,76,140,90,TRUE
509905,"Springfield Medical Centre",2024-09-30,"Clinic",117,75,140,90,TRUE
509905,"Springfield Medical Centre",2024-11-20,"Clinic",158,97,140,90,FALSE
509905,"Springfield Medical Centre",2024-11-20,"Clinic",158,97,140,90,FALSE
509905,"Springfield Medical Centre",2025-03-20,"Clinic",133,86,140,90,TRUE
509905,"Springfield Medical Centre",2025-03-20,"Clinic",148,86,140,90,FALSE
509905,"Springfield Medical Centre",2025-03-20,"Clinic",149,84,140,90,FALSE
509905,"Springfield Medical Centre",2025-09-25,"Clinic",143,86,140,90,FALSE
509905,"Springfield Medical Centre",2026-03-20,"Clinic",138,86,140,90,TRUE
510022,"Springfield Medical Centre",2024-12-30,"Clinic",133,88,140,90,TRUE
510022,"Springfield Medical Centre",2025-02-24,"Clinic",136,94,140,90,FALSE
510022,"Springfield Medical Centre",2025-02-24,"Clinic",135,95,140,90,FALSE
510022,"Springfield Medical Centre",2025-02-24,"Clinic",135,95,140,90,FALSE
510022,"Springfield Medical Centre",2025-06-23,"Clinic",132,90,140,90,FALSE
510022,"Springfield Medical Centre",2026-09-20,"Clinic",146,100,140,90,FALSE
510036,"Springfield Medical Centre",2022-10-24,"Clinic",125,80,140,90,TRUE
510036,"Springfield Medical Centre",2023-07-27,"Clinic",117,81,140,90,TRUE
510036,"Springfield Medical Centre",2024-11-20,"Clinic",96,56,140,90,TRUE
510036,"Springfield Medical Centre",2024-11-20,"Clinic",96,56,140,90,TRUE
510036,"Springfield Medical Centre",2025-02-20,"Clinic",123,87,140,90,TRUE
510036,"Springfield Medical Centre",2025-03-24,"Clinic",105,70,140,90,TRUE
510036,"Springfield Medical Centre",2025-04-23,"Clinic",113,77,140,90,TRUE
510036,"Springfield Medical Centre",2025-06-25,"Clinic",109,78,140,90,TRUE
510036,"Springfield Medical Centre",2026-04-22,"Clinic",110,77,140,90,TRUE
510036,"Springfield Medical Centre",2026-05-20,"Clinic",137,84,140,90,TRUE
510088,"Springfield Medical Centre",2025-11-20,"Clinic",116,75,140,90,TRUE
510088,"Springfield Medical Centre",2025-11-20,"Clinic",116,77,140,90,TRUE
510088,"Springfield Medical Centre",2026-01-28,"Clinic",119,81,140,90,TRUE
510088,"Springfield Medical Centre",2026-07-29,"Clinic",112,80,140,90,TRUE
510151,"Springfield Medical Centre",2024-07-20,"Clinic",115,83,140,90,TRUE
510151,"Springfield Medical Centre",2025-01-20,"Clinic",118,79,140,90,TRUE
510151,"Springfield Medical Centre",2025-03-13,"Clinic",118,79,140,90,TRUE
510151,"Springfield Medical Centre",2025-03-13,"Clinic",122,83,140,90,TRUE
510151,"Springfield Medical Centre",2025-03-13,"Clinic",125,87,140,90,TRUE
510151,"Springfield Medical Centre",2025-11-27,"Clinic",132,97,140,90,FALSE
510151,"Springfield Medical Centre",2025-12-18,"Clinic",118,84,140,90,TRUE
510151,"Springfield Medical Centre",2026-03-16,"Clinic",124,89,140,90,TRUE
510151,"Springfield Medical Centre",2026-06-29,"Clinic",124,89,140,90,TRUE
510204,"Springfield Medical Centre",2024-08-29,"Clinic",120,80,140,90,TRUE
510204,"Springfield Medical Centre",2025-02-14,"Clinic",130,98,140,90,FALSE
510204,"Springfield Medical Centre",2025-02-20,"Clinic",132,82,140,90,TRUE
510204,"Springfield Medical Centre",2025-03-20,"Clinic",130,97,140,90,FALSE
510204,"Springfield Medical Centre",2025-03-24,"Clinic",135,91,140,90,FALSE
510204,"Springfield Medical Centre",2026-06-20,"Clinic",145,97,140,90,FALSE
510208,"Springfield Medical Centre",2025-01-31,"Clinic",119,88,140,90,TRUE
510208,"Springfield Medical Centre",2025-07-20,"Clinic",111,90,140,90,FALSE
510208,"Springfield Medical Centre",2026-06-23,"Clinic",102,78,140,90,TRUE
510237,"Springfield Medical Centre",2026-07-31,"Clinic",136,77,140,90,TRUE
510237,"Springfield Medical Centre",2026-08-24,"Clinic",141,74,140,90,FALSE
510457,"Springfield Medical Centre",2025-01-20,"Clinic",127,68,140,90,TRUE
510457,"Springfield Medical Centre",2025-01-20,"Clinic",129,67,140,90,TRUE
510457,"Springfield Medical Centre",2025-01-20,"Clinic",134,71,140,90,TRUE
510457,"Springfield Medical Centre",2025-01-20,"Clinic",135,77,140,90,TRUE
510457,"Springfield Medical Centre",2025-01-20,"Clinic",142,84,140,90,FALSE
510457,"Springfield Medical Centre",2025-01-20,"Clinic",143,77,140,90,FALSE
510457,"Springfield Medical Centre",2025-01-20,"Clinic",144,94,140,90,FALSE
510457,"Springfield Medical Centre",2025-01-20,"Clinic",151,93,140,90,FALSE
510457,"Springfield Medical Centre",2025-01-20,"Clinic",153,80,140,90,FALSE
510457,"Springfield Medical Centre",2025-01-20,"Clinic",153,80,140,90,FALSE
510457,"Springfield Medical Centre",2025-01-20,"Clinic",155,90,140,90,FALSE
510457,"Springfield Medical Centre",2025-01-20,"Clinic",156,83,140,90,FALSE
510457,"Springfield Medical Centre",2025-01-20,"Clinic",160,94,140,90,FALSE
510457,"Springfield Medical Centre",2025-01-20,"Clinic",161,98,140,90,FALSE
510457,"Springfield Medical Centre",2025-01-20,"Clinic",163,94,140,90,FALSE
510457,"Springfield Medical Centre",2025-01-20,"Clinic",165,104,140,90,FALSE
510457,"Springfield Medical Centre",2025-01-20,"Clinic",167,94,140,90,FALSE
510457,"Springfield Medical Centre",2025-01-20,"Clinic",168,103,140,90,FALSE
510457,"Springfield Medical Centre",2025-01-20,"Clinic",171,101,140,90,FALSE
510457,"Springfield Medical Centre",2025-01-20,"Clinic",177,93,140,90,FALSE
510457,"Springfield Medical Centre",2025-01-20,"Clinic",178,110,140,90,FALSE
510457,"Springfield Medical Centre",2025-01-20,"Clinic",181,109,140,90,FALSE
510457,"Springfield Medical Centre",2025-01-20,"Clinic",182,109,140,90,FALSE
510457,"Springfield Medical Centre",2025-01-20,"Clinic",183,104,140,90,FALSE
510457,"Springfield Medical Centre",2025-01-20,"Clinic",185,105,140,90,FALSE
510457,"Springfield Medical Centre",2025-01-20,"Clinic",191,108,140,90,FALSE
510457,"Springfield Medical Centre",2025-01-28,"Home",130,80,135,85,TRUE
510457,"Springfield Medical Centre",2025-01-29,"Clinic",130,80,140,90,TRUE
510457,"Springfield Medical Centre",2025-01-29,"Clinic",138,94,140,90,FALSE
510457,"Springfield Medical Centre",2025-02-27,"Clinic",130,80,140,90,TRUE
510457,"Springfield Medical Centre",2025-03-20,"Clinic",135,98,140,90,FALSE
510457,"Springfield Medical Centre",2025-12-28,"Home",130,73,135,85,TRUE
510462,"Springfield Medical Centre",2024-06-20,"Clinic",115,87,140,90,TRUE
510462,"Springfield Medical Centre",2025-08-29,"Clinic",122,90,140,90,FALSE
510462,"Springfield Medical Centre",2026-08-25,"Clinic",123,88,140,90,TRUE
510472,"Springfield Medical Centre",2022-09-20,"Clinic",128,84,140,90,TRUE
510472,"Springfield Medical Centre",2022-11-16,"Clinic",124,80,140,90,TRUE
510472,"Springfield Medical Centre",2023-02-20,"Clinic",121,79,140,90,TRUE
510472,"Springfield Medical Centre",2023-03-15,"Clinic",113,81,140,90,TRUE
510472,"Springfield Medical Centre",2023-12-20,"Clinic",129,81,140,90,TRUE
510472,"Springfield Medical Centre",2024-07-26,"Clinic",120,80,140,90,TRUE
510472,"Springfield Medical Centre",2024-11-20,"Clinic",134,92,140,90,FALSE
510472,"Springfield Medical Centre",2025-01-28,"Clinic",111,78,140,90,TRUE
510472,"Springfield Medical Centre",2025-07-24,"Clinic",131,88,140,90,TRUE
510472,"Springfield Medical Centre",2026-04-20,"Clinic",121,77,140,90,TRUE
510472,"Springfield Medical Centre",2026-06-20,"Clinic",121,77,140,90,TRUE
510472,"Springfield Medical Centre",2026-06-23,"Clinic",110,72,140,90,TRUE
510561,"Springfield Medical Centre",2023-12-19,"Clinic",132,77,140,90,TRUE
510561,"Springfield Medical Centre",2024-06-20,"Clinic",134,80,140,90,TRUE
510561,"Springfield Medical Centre",2024-07-20,"Clinic",139,68,140,90,TRUE
510561,"Springfield Medical Centre",2024-07-26,"Clinic",142,96,140,90,FALSE
510561,"Springfield Medical Centre",2024-10-24,"Clinic",153,75,140,90,FALSE
510561,"Springfield Medical Centre",2024-11-20,"Clinic",135,80,140,90,TRUE
510561,"Springfield Medical Centre",2025-03-14,"Clinic",137,83,140,90,TRUE
510561,"Springfield Medical Centre",2025-08-13,"Clinic",129,83,140,90,TRUE
510561,"Springfield Medical Centre",2025-10-27,"Clinic",140,81,140,90,FALSE
510561,"Springfield Medical Centre",2026-06-26,"Clinic",123,82,140,90,TRUE
510730,"Springfield Medical Centre",2026-04-16,"Clinic",126,81,140,90,TRUE
510837,"Springfield Medical Centre",2025-12-23,"Clinic",135,87,140,90,TRUE
510907,"Springfield Medical Centre",2021-11-25,"Clinic",124,73,140,90,TRUE
510907,"Springfield Medical Centre",2022-07-14,"Clinic",123,76,140,90,TRUE
510907,"Springfield Medical Centre",2022-08-25,"Clinic",125,76,140,90,TRUE
510907,"Springfield Medical Centre",2023-03-20,"Clinic",108,62,140,90,TRUE
510907,"Springfield Medical Centre",2023-04-20,"Clinic",163,89,140,90,FALSE
510907,"Springfield Medical Centre",2023-06-20,"Clinic",133,68,140,90,TRUE
510907,"Springfield Medical Centre",2023-07-31,"Clinic",112,73,140,90,TRUE
510907,"Springfield Medical Centre",2023-08-18,"Clinic",126,69,140,90,TRUE
510907,"Springfield Medical Centre",2024-05-14,"Clinic",103,66,140,90,TRUE
510907,"Springfield Medical Centre",2024-05-24,"Clinic",114,66,140,90,TRUE
510907,"Springfield Medical Centre",2024-06-17,"Clinic",116,68,140,90,TRUE
510907,"Springfield Medical Centre",2024-08-14,"Clinic",132,71,140,90,TRUE
510907,"Springfield Medical Centre",2024-08-20,"Clinic",120,68,140,90,TRUE
510907,"Springfield Medical Centre",2024-08-22,"Clinic",129,68,140,90,TRUE
510907,"Springfield Medical Centre",2024-09-13,"Clinic",137,70,140,90,TRUE
510907,"Springfield Medical Centre",2024-09-19,"Clinic",115,64,140,90,TRUE
510907,"Springfield Medical Centre",2024-11-20,"Clinic",134,76,140,90,TRUE
510907,"Springfield Medical Centre",2025-01-16,"Clinic",123,76,140,90,TRUE
510907,"Springfield Medical Centre",2025-02-20,"Clinic",146,79,140,90,FALSE
510907,"Springfield Medical Centre",2025-03-13,"Clinic",122,75,140,90,TRUE
510907,"Springfield Medical Centre",2025-03-13,"Clinic",129,75,140,90,TRUE
510907,"Springfield Medical Centre",2025-03-20,"Clinic",123,75,140,90,TRUE
510907,"Springfield Medical Centre",2025-03-20,"Clinic",126,73,140,90,TRUE
510907,"Springfield Medical Centre",2025-05-13,"Clinic",124,72,140,90,TRUE
510907,"Springfield Medical Centre",2025-05-15,"Clinic",129,74,140,90,TRUE
510907,"Springfield Medical Centre",2025-05-16,"Clinic",122,76,140,90,TRUE
510907,"Springfield Medical Centre",2025-05-17,"Clinic",123,74,140,90,TRUE
510907,"Springfield Medical Centre",2025-05-17,"Clinic",140,78,140,90,FALSE
510907,"Springfield Medical Centre",2025-05-20,"Clinic",123,75,140,90,TRUE
510907,"Springfield Medical Centre",2025-05-22,"Clinic",138,80,140,90,TRUE
510907,"Springfield Medical Centre",2025-05-27,"Clinic",135,75,140,90,TRUE
510907,"Springfield Medical Centre",2025-06-18,"Clinic",132,73,140,90,TRUE
510907,"Springfield Medical Centre",2025-06-20,"Clinic",136,85,140,90,TRUE
510907,"Springfield Medical Centre",2025-06-25,"Clinic",114,69,140,90,TRUE
510907,"Springfield Medical Centre",2025-07-16,"Clinic",126,74,140,90,TRUE
510907,"Springfield Medical Centre",2025-08-19,"Clinic",147,79,140,90,FALSE
510907,"Springfield Medical Centre",2025-08-20,"Clinic",124,70,140,90,TRUE
510907,"Springfield Medical Centre",2025-08-20,"Clinic",140,81,140,90,FALSE
510907,"Springfield Medical Centre",2025-09-20,"Clinic",157,92,140,90,FALSE
510907,"Springfield Medical Centre",2025-09-20,"Clinic",166,93,140,90,FALSE
510907,"Springfield Medical Centre",2025-10-20,"Clinic",113,65,140,90,TRUE
510907,"Springfield Medical Centre",2025-11-20,"Clinic",124,77,140,90,TRUE
510907,"Springfield Medical Centre",2026-02-20,"Clinic",156,82,140,90,FALSE
510907,"Springfield Medical Centre",2026-04-20,"Clinic",126,73,140,90,TRUE
510907,"Springfield Medical Centre",2026-07-27,"Home",125,80,135,85,TRUE
510907,"Springfield Medical Centre",2026-07-31,"Clinic",137,81,140,90,TRUE
510982,"Springfield Medical Centre",2022-01-27,"Clinic",122,74,140,90,TRUE
510982,"Springfield Medical Centre",2023-01-20,"Clinic",125,72,140,90,TRUE
510982,"Springfield Medical Centre",2023-07-20,"Clinic",130,85,140,90,TRUE
510982,"Springfield Medical Centre",2024-06-24,"Clinic",122,84,140,90,TRUE
510982,"Springfield Medical Centre",2024-06-24,"Clinic",127,90,140,90,FALSE
510982,"Springfield Medical Centre",2024-06-24,"Clinic",129,92,140,90,FALSE
510982,"Springfield Medical Centre",2025-10-20,"Clinic",135,90,140,90,FALSE
511002,"Springfield Medical Centre",2025-05-20,"Clinic",115,82,140,90,TRUE
511002,"Springfield Medical Centre",2025-06-30,"Clinic",121,81,140,90,TRUE
511002,"Springfield Medical Centre",2025-09-30,"Clinic",133,77,140,90,TRUE
511002,"Springfield Medical Centre",2026-03-30,"Clinic",115,78,140,90,TRUE
511002,"Springfield Medical Centre",2026-04-20,"Clinic",115,78,140,90,TRUE
511002,"Springfield Medical Centre",2026-04-30,"Clinic",130,84,140,90,TRUE
511026,"Springfield Medical Centre",2025-11-28,"Clinic",128,84,140,90,TRUE
511026,"Springfield Medical Centre",2026-04-01,"Home",126,79,135,85,TRUE
511145,"Springfield Medical Centre",2025-10-22,"Home",122,80,135,85,TRUE
511145,"Springfield Medical Centre",2026-06-15,"Clinic",135,84,140,90,TRUE
511145,"Springfield Medical Centre",2026-07-16,"Clinic",119,70,140,90,TRUE
511145,"Springfield Medical Centre",2026-07-16,"Clinic",115,76,140,90,TRUE
511284,"Springfield Medical Centre",2022-04-20,"Clinic",113,79,140,90,TRUE
511284,"Springfield Medical Centre",2024-01-17,"Clinic",88,59,140,90,TRUE
511284,"Springfield Medical Centre",2024-01-17,"Clinic",160,76,140,90,FALSE
511284,"Springfield Medical Centre",2024-01-31,"Clinic",142,80,140,90,FALSE
511284,"Springfield Medical Centre",2024-05-20,"Clinic",139,81,140,90,TRUE
511284,"Springfield Medical Centre",2024-10-25,"Clinic",146,82,140,90,FALSE
511284,"Springfield Medical Centre",2024-10-25,"Clinic",135,79,140,90,TRUE
511284,"Springfield Medical Centre",2025-05-20,"Clinic",112,70,140,90,TRUE
511284,"Springfield Medical Centre",2026-04-27,"Clinic",133,80,140,90,TRUE
511373,"Springfield Medical Centre",2026-02-23,"Clinic",123,78,140,90,TRUE
511373,"Springfield Medical Centre",2026-02-24,"Clinic",117,73,140,90,TRUE
511373,"Springfield Medical Centre",2026-02-24,"Clinic",117,73,140,90,TRUE
511373,"Springfield Medical Centre",2026-04-20,"Clinic",117,73,140,90,TRUE
511373,"Springfield Medical Centre",2026-12-20,"Clinic",138,74,140,90,TRUE
511507,"Springfield Medical Centre",2022-11-29,"Clinic",120,86,140,90,TRUE
511507,"Springfield Medical Centre",2023-04-20,"Clinic",107,76,140,90,TRUE
511507,"Springfield Medical Centre",2025-07-20,"Clinic",128,82,140,90,TRUE
511507,"Springfield Medical Centre",2025-11-24,"Clinic",87,71,140,90,TRUE
511507,"Springfield Medical Centre",2026-03-20,"Clinic",88,68,140,90,TRUE
511562,"Springfield Medical Centre",2023-11-20,"Clinic",132,89,140,90,TRUE
511562,"Springfield Medical Centre",2023-11-20,"Clinic",149,105,140,90,FALSE
511562,"Springfield Medical Centre",2026-05-14,"Clinic",158,102,140,90,FALSE
511562,"Springfield Medical Centre",2026-05-28,"Clinic",139,95,140,90,FALSE
511562,"Springfield Medical Centre",2026-11-20,"Clinic",170,113,140,90,FALSE
511644,"Springfield Medical Centre",2024-12-20,"Clinic",132,88,140,90,TRUE
511644,"Springfield Medical Centre",2024-12-24,"Clinic",130,85,140,90,TRUE
511644,"Springfield Medical Centre",2025-01-22,"Home",115,82,135,85,TRUE
511644,"Springfield Medical Centre",2025-09-20,"Clinic",120,87,140,90,TRUE
511644,"Springfield Medical Centre",2026-06-15,"Clinic",134,94,140,90,FALSE
511644,"Springfield Medical Centre",2026-06-23,"Clinic",118,85,140,90,TRUE
511668,"Springfield Medical Centre",2024-10-22,"Clinic",107,77,140,90,TRUE
511668,"Springfield Medical Centre",2025-06-25,"Clinic",107,77,140,90,TRUE
511668,"Springfield Medical Centre",2025-08-13,"Clinic",119,79,140,90,TRUE
511668,"Springfield Medical Centre",2026-04-23,"Clinic",137,90,140,90,FALSE
511668,"Springfield Medical Centre",2026-08-20,"Clinic",129,80,140,90,TRUE
511708,"Springfield Medical Centre",2023-03-22,"Clinic",137,79,140,90,TRUE
511708,"Springfield Medical Centre",2023-07-24,"Clinic",118,74,140,90,TRUE
511708,"Springfield Medical Centre",2024-02-20,"Clinic",118,68,140,90,TRUE
511708,"Springfield Medical Centre",2024-05-20,"Clinic",136,81,140,90,TRUE
511708,"Springfield Medical Centre",2024-10-30,"Clinic",118,66,140,90,TRUE
511708,"Springfield Medical Centre",2025-12-20,"Clinic",123,70,140,90,TRUE
511708,"Springfield Medical Centre",2025-12-20,"Clinic",119,65,140,90,TRUE
511708,"Springfield Medical Centre",2026-04-21,"Clinic",125,68,140,90,TRUE
511708,"Springfield Medical Centre",2026-07-14,"Clinic",119,75,140,90,TRUE
511710,"Springfield Medical Centre",2023-04-13,"Home",131,68,135,85,TRUE
511710,"Springfield Medical Centre",2024-10-30,"Clinic",132,63,140,90,TRUE
511710,"Springfield Medical Centre",2025-01-21,"Clinic",163,79,140,90,FALSE
511710,"Springfield Medical Centre",2025-02-19,"Clinic",110,65,140,90,TRUE
511710,"Springfield Medical Centre",2025-02-20,"Clinic",125,68,140,90,TRUE
511710,"Springfield Medical Centre",2025-11-17,"Clinic",126,72,140,90,TRUE
511710,"Springfield Medical Centre",2025-11-18,"Clinic",132,83,140,90,TRUE
511710,"Springfield Medical Centre",2025-11-25,"Clinic",150,74,140,90,FALSE
511710,"Springfield Medical Centre",2025-12-19,"Clinic",140,77,140,90,FALSE
511710,"Springfield Medical Centre",2025-12-31,"Home",132,65,135,85,TRUE
511710,"Springfield Medical Centre",2026-04-30,"Clinic",142,56,140,90,FALSE
511710,"Springfield Medical Centre",2026-07-14,"Clinic",130,70,140,90,TRUE
511717,"Springfield Medical Centre",2023-05-23,"Clinic",140,83,150,90,TRUE
511717,"Springfield Medical Centre",2023-10-18,"Clinic",111,82,150,90,TRUE
511805,"Springfield Medical Centre",2025-05-29,"Clinic",131,81,140,90,TRUE
511805,"Springfield Medical Centre",2026-01-28,"Clinic",125,72,140,90,TRUE
511805,"Springfield Medical Centre",2026-01-28,"Clinic",114,68,140,90,TRUE
511805,"Springfield Medical Centre",2026-01-28,"Clinic",114,70,140,90,TRUE
511805,"Springfield Medical Centre",2026-03-20,"Clinic",133,86,140,90,TRUE
